data,dia_semana,turno,canal,pedidos,faturamento,ticket_medio,tempo_medio_atendimento_min,funcionarios_no_turno,avaliacao_media_cliente
2025-01-01,Quarta,Manhã,Salão,26,937.56,36.06,5.88,6,4.3
2025-01-01,Quarta,Manhã,Drive-Thru,65,1883.7,28.98,2.61,6,4.5
2025-01-01,Quarta,Manhã,Delivery/App,14,497.56,35.54,9.88,6,4.7
2025-01-01,Quarta,Tarde,Salão,58,1612.98,27.81,5.87,7,4.4
2025-01-01,Quarta,Tarde,Drive-Thru,67,2118.54,31.62,3.75,7,4.4
2025-01-01,Quarta,Tarde,Delivery/App,33,1316.04,39.88,10.83,7,4.2
2025-01-01,Quarta,Noite,Salão,46,1460.04,31.74,6.13,10,4.7
2025-01-01,Quarta,Noite,Drive-Thru,120,4058.4,33.82,2.7,10,5.0
2025-01-01,Quarta,Noite,Delivery/App,44,2011.68,45.72,11.26,10,4.6
2025-01-02,Quinta,Manhã,Salão,30,866.1,28.87,5.56,4,4.8
2025-01-02,Quinta,Manhã,Drive-Thru,69,2080.35,30.15,4.25,4,4.6
2025-01-02,Quinta,Manhã,Delivery/App,14,505.82,36.13,10.15,4,4.3
2025-01-02,Quinta,Tarde,Salão,73,2819.26,38.62,6.7,7,4.2
2025-01-02,Quinta,Tarde,Drive-Thru,106,3359.14,31.69,2.9,7,4.4
2025-01-02,Quinta,Tarde,Delivery/App,34,1667.36,49.04,10.77,7,4.8
2025-01-02,Quinta,Noite,Salão,46,1237.4,26.9,6.42,9,4.8
2025-01-02,Quinta,Noite,Drive-Thru,102,3252.78,31.89,3.47,9,4.9
2025-01-02,Quinta,Noite,Delivery/App,35,1618.05,46.23,11.67,9,4.8
2025-01-03,Sexta,Manhã,Salão,43,1421.15,33.05,6.4,6,4.5
2025-01-03,Sexta,Manhã,Drive-Thru,83,2889.23,34.81,3.5,6,4.5
2025-01-03,Sexta,Manhã,Delivery/App,15,657.9,43.86,10.72,6,4.5
2025-01-03,Sexta,Tarde,Salão,80,2858.4,35.73,5.29,12,4.6
2025-01-03,Sexta,Tarde,Drive-Thru,146,5648.74,38.69,3.31,12,4.9
2025-01-03,Sexta,Tarde,Delivery/App,44,2243.56,50.99,10.31,12,4.6
2025-01-03,Sexta,Noite,Salão,71,2639.78,37.18,6.4,10,4.6
2025-01-03,Sexta,Noite,Drive-Thru,143,4770.48,33.36,3.49,10,4.6
2025-01-03,Sexta,Noite,Delivery/App,57,2305.65,40.45,11.86,10,5.0
2025-01-04,Sábado,Manhã,Salão,39,1509.69,38.71,5.37,5,4.6
2025-01-04,Sábado,Manhã,Drive-Thru,70,1981.7,28.31,4.62,5,4.5
2025-01-04,Sábado,Manhã,Delivery/App,18,700.38,38.91,10.59,5,4.3
2025-01-04,Sábado,Tarde,Salão,70,2474.5,35.35,5.95,11,4.9
2025-01-04,Sábado,Tarde,Drive-Thru,109,3961.06,36.34,2.72,11,4.7
2025-01-04,Sábado,Tarde,Delivery/App,40,1517.2,37.93,11.03,11,4.6
2025-01-04,Sábado,Noite,Salão,58,2036.38,35.11,5.81,12,4.9
2025-01-04,Sábado,Noite,Drive-Thru,155,6069.8,39.16,2.44,12,5.0
2025-01-04,Sábado,Noite,Delivery/App,60,2301.0,38.35,12.43,12,4.6
2025-01-05,Domingo,Manhã,Salão,38,1098.2,28.9,5.96,7,4.7
2025-01-05,Domingo,Manhã,Drive-Thru,71,2144.2,30.2,3.73,7,4.3
2025-01-05,Domingo,Manhã,Delivery/App,18,754.92,41.94,10.34,7,4.7
2025-01-05,Domingo,Tarde,Salão,94,3641.56,38.74,5.98,8,4.4
2025-01-05,Domingo,Tarde,Drive-Thru,86,3553.52,41.32,3.04,8,4.4
2025-01-05,Domingo,Tarde,Delivery/App,43,1773.32,41.24,11.52,8,4.7
2025-01-05,Domingo,Noite,Salão,51,1462.17,28.67,5.91,10,4.7
2025-01-05,Domingo,Noite,Drive-Thru,153,6106.23,39.91,4.2,10,4.7
2025-01-05,Domingo,Noite,Delivery/App,72,3136.32,43.56,12.22,10,4.7
2025-01-06,Segunda,Manhã,Salão,25,829.75,33.19,5.65,6,4.6
2025-01-06,Segunda,Manhã,Drive-Thru,55,2085.6,37.92,3.14,6,4.6
2025-01-06,Segunda,Manhã,Delivery/App,14,625.38,44.67,10.38,6,4.6
2025-01-06,Segunda,Tarde,Salão,51,1889.55,37.05,5.11,9,4.5
2025-01-06,Segunda,Tarde,Drive-Thru,91,3210.48,35.28,3.31,9,4.7
2025-01-06,Segunda,Tarde,Delivery/App,28,1282.96,45.82,10.76,9,4.8
2025-01-06,Segunda,Noite,Salão,46,1702.46,37.01,6.61,8,4.4
2025-01-06,Segunda,Noite,Drive-Thru,85,2838.15,33.39,3.77,8,4.7
2025-01-06,Segunda,Noite,Delivery/App,33,1188.0,36.0,11.59,8,4.6
2025-01-07,Terça,Manhã,Salão,24,638.4,26.6,5.03,6,4.6
2025-01-07,Terça,Manhã,Drive-Thru,52,1769.56,34.03,2.53,6,4.7
2025-01-07,Terça,Manhã,Delivery/App,13,457.47,35.19,10.23,6,4.5
2025-01-07,Terça,Tarde,Salão,65,1937.65,29.81,5.66,9,4.8
2025-01-07,Terça,Tarde,Drive-Thru,97,3804.34,39.22,3.49,9,4.5
2025-01-07,Terça,Tarde,Delivery/App,27,1278.99,47.37,10.64,9,4.5
2025-01-07,Terça,Noite,Salão,41,1051.65,25.65,6.02,10,4.5
2025-01-07,Terça,Noite,Drive-Thru,131,3928.69,29.99,3.39,10,4.5
2025-01-07,Terça,Noite,Delivery/App,48,2239.2,46.65,11.93,10,4.7
2025-01-08,Quarta,Manhã,Salão,34,1202.58,35.37,6.05,5,4.4
2025-01-08,Quarta,Manhã,Drive-Thru,47,1358.3,28.9,3.22,5,4.7
2025-01-08,Quarta,Manhã,Delivery/App,14,572.18,40.87,11.25,5,4.4
2025-01-08,Quarta,Tarde,Salão,68,1763.24,25.93,6.75,7,4.8
2025-01-08,Quarta,Tarde,Drive-Thru,81,2797.74,34.54,3.63,7,4.8
2025-01-08,Quarta,Tarde,Delivery/App,31,1403.68,45.28,11.09,7,4.6
2025-01-08,Quarta,Noite,Salão,49,1627.29,33.21,6.43,9,4.6
2025-01-08,Quarta,Noite,Drive-Thru,115,4475.8,38.92,4.08,9,4.3
2025-01-08,Quarta,Noite,Delivery/App,43,1700.22,39.54,11.62,9,4.4
2025-01-09,Quinta,Manhã,Salão,29,762.12,26.28,5.8,4,4.7
2025-01-09,Quinta,Manhã,Drive-Thru,48,1340.16,27.92,3.25,4,4.7
2025-01-09,Quinta,Manhã,Delivery/App,14,644.98,46.07,10.27,4,4.6
2025-01-09,Quinta,Tarde,Salão,61,2357.65,38.65,4.8,10,5.0
2025-01-09,Quinta,Tarde,Drive-Thru,119,4486.3,37.7,3.97,10,4.5
2025-01-09,Quinta,Tarde,Delivery/App,30,1355.4,45.18,10.67,10,4.9
2025-01-09,Quinta,Noite,Salão,54,1928.34,35.71,5.93,11,4.9
2025-01-09,Quinta,Noite,Drive-Thru,109,3490.18,32.02,3.19,11,4.8
2025-01-09,Quinta,Noite,Delivery/App,39,2027.22,51.98,11.22,11,4.7
2025-01-10,Sexta,Manhã,Salão,41,1089.37,26.57,6.48,6,4.9
2025-01-10,Sexta,Manhã,Drive-Thru,67,2710.15,40.45,3.54,6,4.9
2025-01-10,Sexta,Manhã,Delivery/App,19,994.08,52.32,10.86,6,4.6
2025-01-10,Sexta,Tarde,Salão,75,2127.75,28.37,6.92,6,4.7
2025-01-10,Sexta,Tarde,Drive-Thru,128,3791.36,29.62,3.32,6,4.6
2025-01-10,Sexta,Tarde,Delivery/App,49,2484.3,50.7,11.69,6,4.6
2025-01-10,Sexta,Noite,Salão,60,2104.2,35.07,4.96,13,4.7
2025-01-10,Sexta,Noite,Drive-Thru,129,4148.64,32.16,3.45,13,4.3
2025-01-10,Sexta,Noite,Delivery/App,51,2139.96,41.96,12.01,13,4.7
2025-01-11,Sábado,Manhã,Salão,44,1467.4,33.35,6.41,6,4.5
2025-01-11,Sábado,Manhã,Drive-Thru,73,2302.42,31.54,3.39,6,4.6
2025-01-11,Sábado,Manhã,Delivery/App,18,949.86,52.77,10.84,6,4.5
2025-01-11,Sábado,Tarde,Salão,70,2276.4,32.52,6.52,9,4.7
2025-01-11,Sábado,Tarde,Drive-Thru,166,5919.56,35.66,3.46,9,4.6
2025-01-11,Sábado,Tarde,Delivery/App,48,2203.68,45.91,10.79,9,4.5
2025-01-11,Sábado,Noite,Salão,56,1695.12,30.27,5.94,10,4.6
2025-01-11,Sábado,Noite,Drive-Thru,118,3309.9,28.05,3.24,10,4.3
2025-01-11,Sábado,Noite,Delivery/App,44,1625.8,36.95,11.98,10,4.9
2025-01-12,Domingo,Manhã,Salão,30,793.2,26.44,5.98,5,4.7
2025-01-12,Domingo,Manhã,Drive-Thru,67,2568.11,38.33,3.13,5,4.7
2025-01-12,Domingo,Manhã,Delivery/App,18,745.74,41.43,10.35,5,4.8
2025-01-12,Domingo,Tarde,Salão,71,1832.51,25.81,5.85,10,4.7
2025-01-12,Domingo,Tarde,Drive-Thru,124,4336.28,34.97,3.45,10,4.6
2025-01-12,Domingo,Tarde,Delivery/App,51,2469.93,48.43,11.28,10,4.3
2025-01-12,Domingo,Noite,Salão,57,1639.89,28.77,6.11,9,4.5
2025-01-12,Domingo,Noite,Drive-Thru,153,4322.25,28.25,4.06,9,3.9
2025-01-12,Domingo,Noite,Delivery/App,52,2589.6,49.8,12.37,9,4.4
2025-01-13,Segunda,Manhã,Salão,26,808.6,31.1,6.99,4,4.5
2025-01-13,Segunda,Manhã,Drive-Thru,59,2283.89,38.71,3.73,4,4.7
2025-01-13,Segunda,Manhã,Delivery/App,13,600.73,46.21,10.6,4,4.4
2025-01-13,Segunda,Tarde,Salão,58,1746.38,30.11,6.7,7,4.5
2025-01-13,Segunda,Tarde,Drive-Thru,117,4621.5,39.5,3.17,7,4.6
2025-01-13,Segunda,Tarde,Delivery/App,35,1373.75,39.25,11.3,7,4.6
2025-01-13,Segunda,Noite,Salão,39,1298.7,33.3,5.49,12,4.8
2025-01-13,Segunda,Noite,Drive-Thru,82,2783.9,33.95,2.26,12,5.0
2025-01-13,Segunda,Noite,Delivery/App,35,1656.2,47.32,11.47,12,4.9
2025-01-14,Terça,Manhã,Salão,28,966.28,34.51,5.54,6,4.5
2025-01-14,Terça,Manhã,Drive-Thru,46,1325.72,28.82,2.94,6,4.6
2025-01-14,Terça,Manhã,Delivery/App,12,459.6,38.3,10.17,6,4.1
2025-01-14,Terça,Tarde,Salão,53,1692.82,31.94,5.48,10,4.7
2025-01-14,Terça,Tarde,Drive-Thru,121,3602.17,29.77,3.38,10,4.6
2025-01-14,Terça,Tarde,Delivery/App,35,1359.4,38.84,10.73,10,4.7
2025-01-14,Terça,Noite,Salão,54,1923.48,35.62,6.64,9,4.6
2025-01-14,Terça,Noite,Drive-Thru,150,4362.0,29.08,4.3,9,4.8
2025-01-14,Terça,Noite,Delivery/App,28,1090.88,38.96,11.28,9,4.4
2025-01-15,Quarta,Manhã,Salão,32,848.96,26.53,6.06,5,4.2
2025-01-15,Quarta,Manhã,Drive-Thru,53,1713.49,32.33,2.54,5,4.6
2025-01-15,Quarta,Manhã,Delivery/App,13,588.25,45.25,11.22,5,4.5
2025-01-15,Quarta,Tarde,Salão,69,2283.21,33.09,5.77,6,4.4
2025-01-15,Quarta,Tarde,Drive-Thru,100,3097.0,30.97,4.09,6,4.1
2025-01-15,Quarta,Tarde,Delivery/App,32,1653.76,51.68,11.15,6,4.1
2025-01-15,Quarta,Noite,Salão,47,1784.12,37.96,6.52,10,5.0
2025-01-15,Quarta,Noite,Drive-Thru,108,4204.44,38.93,3.55,10,5.0
2025-01-15,Quarta,Noite,Delivery/App,46,1760.42,38.27,11.7,10,4.8
2025-01-16,Quinta,Manhã,Salão,26,911.56,35.06,5.59,6,4.6
2025-01-16,Quinta,Manhã,Drive-Thru,56,1793.12,32.02,3.3,6,4.2
2025-01-16,Quinta,Manhã,Delivery/App,15,642.9,42.86,11.1,6,4.9
2025-01-16,Quinta,Tarde,Salão,64,1843.84,28.81,5.94,7,4.8
2025-01-16,Quinta,Tarde,Drive-Thru,107,3832.74,35.82,2.67,7,4.5
2025-01-16,Quinta,Tarde,Delivery/App,34,1692.52,49.78,11.05,7,4.6
2025-01-16,Quinta,Noite,Salão,46,1404.38,30.53,6.06,11,4.7
2025-01-16,Quinta,Noite,Drive-Thru,116,4481.08,38.63,3.61,11,4.5
2025-01-16,Quinta,Noite,Delivery/App,42,1631.28,38.84,11.82,11,4.7
2025-01-17,Sexta,Manhã,Salão,46,1450.84,31.54,6.78,4,4.6
2025-01-17,Sexta,Manhã,Drive-Thru,72,2607.12,36.21,2.88,4,4.9
2025-01-17,Sexta,Manhã,Delivery/App,14,583.8,41.7,10.95,4,4.3
2025-01-17,Sexta,Tarde,Salão,78,2098.98,26.91,5.95,10,4.7
2025-01-17,Sexta,Tarde,Drive-Thru,118,4550.08,38.56,3.12,10,4.8
2025-01-17,Sexta,Tarde,Delivery/App,55,2802.25,50.95,10.93,10,4.7
2025-01-17,Sexta,Noite,Salão,68,1751.68,25.76,6.43,8,4.9
2025-01-17,Sexta,Noite,Drive-Thru,155,6153.5,39.7,4.44,8,4.4
2025-01-17,Sexta,Noite,Delivery/App,52,2556.84,49.17,11.75,8,4.5
2025-01-18,Sábado,Manhã,Salão,36,916.92,25.47,6.6,5,4.9
2025-01-18,Sábado,Manhã,Drive-Thru,76,2964.76,39.01,4.34,5,4.4
2025-01-18,Sábado,Manhã,Delivery/App,19,734.92,38.68,9.98,5,4.5
2025-01-18,Sábado,Tarde,Salão,79,2665.46,33.74,7.11,9,4.5
2025-01-18,Sábado,Tarde,Drive-Thru,143,5321.03,37.21,3.7,9,4.7
2025-01-18,Sábado,Tarde,Delivery/App,44,2009.04,45.66,10.59,9,5.0
2025-01-18,Sábado,Noite,Salão,58,2196.46,37.87,6.34,9,4.5
2025-01-18,Sábado,Noite,Drive-Thru,140,5482.4,39.16,3.61,9,4.4
2025-01-18,Sábado,Noite,Delivery/App,47,1817.96,38.68,11.27,9,5.0
2025-01-19,Domingo,Manhã,Salão,41,1378.83,33.63,6.08,4,4.5
2025-01-19,Domingo,Manhã,Drive-Thru,62,2450.24,39.52,3.65,4,4.7
2025-01-19,Domingo,Manhã,Delivery/App,20,906.0,45.3,10.83,4,4.6
2025-01-19,Domingo,Tarde,Salão,63,1623.51,25.77,6.12,10,4.4
2025-01-19,Domingo,Tarde,Drive-Thru,118,3602.54,30.53,2.99,10,4.8
2025-01-19,Domingo,Tarde,Delivery/App,43,1846.85,42.95,11.31,10,4.6
2025-01-19,Domingo,Noite,Salão,54,1662.12,30.78,5.51,12,5.0
2025-01-19,Domingo,Noite,Drive-Thru,142,4603.64,32.42,4.25,12,4.4
2025-01-19,Domingo,Noite,Delivery/App,61,2763.91,45.31,11.54,12,4.9
2025-01-20,Segunda,Manhã,Salão,25,813.5,32.54,4.97,5,4.4
2025-01-20,Segunda,Manhã,Drive-Thru,44,1324.84,30.11,3.37,5,4.3
2025-01-20,Segunda,Manhã,Delivery/App,12,556.2,46.35,10.16,5,4.6
2025-01-20,Segunda,Tarde,Salão,66,1900.8,28.8,5.02,9,4.7
2025-01-20,Segunda,Tarde,Drive-Thru,81,2900.61,35.81,3.5,9,4.2
2025-01-20,Segunda,Tarde,Delivery/App,32,1528.32,47.76,11.18,9,4.8
2025-01-20,Segunda,Noite,Salão,48,1839.84,38.33,5.91,11,4.5
2025-01-20,Segunda,Noite,Drive-Thru,101,3670.34,36.34,3.14,11,4.8
2025-01-20,Segunda,Noite,Delivery/App,42,1543.92,36.76,11.65,11,4.8
2025-01-21,Terça,Manhã,Salão,24,732.96,30.54,5.45,5,4.3
2025-01-21,Terça,Manhã,Drive-Thru,55,1991.55,36.21,3.93,5,4.1
2025-01-21,Terça,Manhã,Delivery/App,10,519.5,51.95,9.98,5,4.5
2025-01-21,Terça,Tarde,Salão,60,1986.6,33.11,6.11,7,4.7
2025-01-21,Terça,Tarde,Drive-Thru,97,3362.99,34.67,3.05,7,4.8
2025-01-21,Terça,Tarde,Delivery/App,36,1508.76,41.91,11.42,7,4.3
2025-01-21,Terça,Noite,Salão,52,1905.8,36.65,6.54,11,4.9
2025-01-21,Terça,Noite,Drive-Thru,111,3826.17,34.47,3.24,11,4.5
2025-01-21,Terça,Noite,Delivery/App,49,1786.54,36.46,11.63,11,4.6
2025-01-22,Quarta,Manhã,Salão,26,971.36,37.36,6.32,6,4.8
2025-01-22,Quarta,Manhã,Drive-Thru,45,1809.9,40.22,3.35,6,4.2
2025-01-22,Quarta,Manhã,Delivery/App,11,484.55,44.05,9.96,6,4.6
2025-01-22,Quarta,Tarde,Salão,56,2124.08,37.93,6.26,9,4.7
2025-01-22,Quarta,Tarde,Drive-Thru,115,4680.5,40.7,3.62,9,4.6
2025-01-22,Quarta,Tarde,Delivery/App,32,1263.04,39.47,10.34,9,4.4
2025-01-22,Quarta,Noite,Salão,47,1222.47,26.01,7.03,11,4.5
2025-01-22,Quarta,Noite,Drive-Thru,124,3604.68,29.07,3.1,11,4.7
2025-01-22,Quarta,Noite,Delivery/App,38,1657.56,43.62,11.2,11,5.0
2025-01-23,Quinta,Manhã,Salão,32,1234.56,38.58,5.58,6,4.7
2025-01-23,Quinta,Manhã,Drive-Thru,58,2017.82,34.79,3.6,6,4.8
2025-01-23,Quinta,Manhã,Delivery/App,15,693.45,46.23,10.67,6,4.8
2025-01-23,Quinta,Tarde,Salão,64,2453.12,38.33,6.65,6,4.5
2025-01-23,Quinta,Tarde,Drive-Thru,103,4223.0,41.0,3.69,6,4.6
2025-01-23,Quinta,Tarde,Delivery/App,35,1762.6,50.36,11.11,6,4.8
2025-01-23,Quinta,Noite,Salão,53,1607.49,30.33,6.91,9,4.4
2025-01-23,Quinta,Noite,Drive-Thru,145,5772.45,39.81,2.8,9,5.0
2025-01-23,Quinta,Noite,Delivery/App,47,2316.63,49.29,11.14,9,5.0
2025-01-24,Sexta,Manhã,Salão,41,1331.68,32.48,6.59,5,4.4
2025-01-24,Sexta,Manhã,Drive-Thru,60,2476.2,41.27,2.55,5,4.8
2025-01-24,Sexta,Manhã,Delivery/App,18,644.22,35.79,11.64,5,4.3
2025-01-24,Sexta,Tarde,Salão,70,2095.8,29.94,5.56,11,5.0
2025-01-24,Sexta,Tarde,Drive-Thru,135,3732.75,27.65,2.51,11,4.7
2025-01-24,Sexta,Tarde,Delivery/App,46,2085.64,45.34,11.08,11,4.7
2025-01-24,Sexta,Noite,Salão,60,1836.0,30.6,5.92,10,4.8
2025-01-24,Sexta,Noite,Drive-Thru,145,5760.85,39.73,3.34,10,4.6
2025-01-24,Sexta,Noite,Delivery/App,59,2701.61,45.79,12.43,10,4.9
2025-01-25,Sábado,Manhã,Salão,36,1020.24,28.34,5.85,5,4.7
2025-01-25,Sábado,Manhã,Drive-Thru,64,2075.52,32.43,4.12,5,4.4
2025-01-25,Sábado,Manhã,Delivery/App,16,792.16,49.51,10.69,5,4.4
2025-01-25,Sábado,Tarde,Salão,71,2673.15,37.65,6.35,6,4.8
2025-01-25,Sábado,Tarde,Drive-Thru,108,3691.44,34.18,3.53,6,4.6
2025-01-25,Sábado,Tarde,Delivery/App,42,2168.88,51.64,11.09,6,4.8
2025-01-25,Sábado,Noite,Salão,62,2391.96,38.58,5.68,13,4.7
2025-01-25,Sábado,Noite,Drive-Thru,166,6658.26,40.11,4.09,13,4.7
2025-01-25,Sábado,Noite,Delivery/App,61,2928.0,48.0,11.6,13,4.9
2025-01-26,Domingo,Manhã,Salão,39,1453.53,37.27,6.31,6,4.6
2025-01-26,Domingo,Manhã,Drive-Thru,79,2855.06,36.14,4.07,6,4.3
2025-01-26,Domingo,Manhã,Delivery/App,19,963.49,50.71,10.43,6,4.6
2025-01-26,Domingo,Tarde,Salão,71,2597.89,36.59,6.3,8,4.6
2025-01-26,Domingo,Tarde,Drive-Thru,153,4236.57,27.69,4.16,8,4.2
2025-01-26,Domingo,Tarde,Delivery/App,43,1689.04,39.28,11.21,8,4.7
2025-01-26,Domingo,Noite,Salão,78,2278.38,29.21,6.45,11,4.5
2025-01-26,Domingo,Noite,Drive-Thru,142,4271.36,30.08,3.94,11,4.7
2025-01-26,Domingo,Noite,Delivery/App,59,2224.3,37.7,12.01,11,4.5
2025-01-27,Segunda,Manhã,Salão,22,745.14,33.87,6.26,4,4.4
2025-01-27,Segunda,Manhã,Drive-Thru,54,2055.24,38.06,3.52,4,4.1
2025-01-27,Segunda,Manhã,Delivery/App,15,640.5,42.7,11.03,4,4.2
2025-01-27,Segunda,Tarde,Salão,42,1464.54,34.87,5.9,10,4.9
2025-01-27,Segunda,Tarde,Drive-Thru,95,3858.9,40.62,2.66,10,5.0
2025-01-27,Segunda,Tarde,Delivery/App,28,1170.96,41.82,10.91,10,4.6
2025-01-27,Segunda,Noite,Salão,39,1451.97,37.23,6.76,9,4.7
2025-01-27,Segunda,Noite,Drive-Thru,109,3287.44,30.16,3.73,9,4.7
2025-01-27,Segunda,Noite,Delivery/App,43,2085.5,48.5,12.02,9,4.4
2025-01-28,Terça,Manhã,Salão,30,1136.4,37.88,6.73,4,4.8
2025-01-28,Terça,Manhã,Drive-Thru,54,1658.34,30.71,2.94,4,4.7
2025-01-28,Terça,Manhã,Delivery/App,12,486.0,40.5,9.87,4,5.0
2025-01-28,Terça,Tarde,Salão,57,1977.33,34.69,5.16,10,4.8
2025-01-28,Terça,Tarde,Drive-Thru,97,3643.32,37.56,3.62,10,4.7
2025-01-28,Terça,Tarde,Delivery/App,36,1338.48,37.18,11.06,10,4.6
2025-01-28,Terça,Noite,Salão,41,1434.59,34.99,5.83,11,4.7
2025-01-28,Terça,Noite,Drive-Thru,112,3226.72,28.81,2.49,11,4.7
2025-01-28,Terça,Noite,Delivery/App,40,1438.0,35.95,11.09,11,4.7
2025-01-29,Quarta,Manhã,Salão,31,1135.84,36.64,5.4,6,4.6
2025-01-29,Quarta,Manhã,Drive-Thru,50,2036.5,40.73,3.9,6,4.8
2025-01-29,Quarta,Manhã,Delivery/App,11,568.81,51.71,10.44,6,4.6
2025-01-29,Quarta,Tarde,Salão,61,1828.78,29.98,5.88,9,4.8
2025-01-29,Quarta,Tarde,Drive-Thru,96,3502.08,36.48,3.8,9,4.9
2025-01-29,Quarta,Tarde,Delivery/App,33,1188.0,36.0,10.39,9,4.6
2025-01-29,Quarta,Noite,Salão,46,1516.16,32.96,6.7,12,4.4
2025-01-29,Quarta,Noite,Drive-Thru,119,4920.65,41.35,3.22,12,4.7
2025-01-29,Quarta,Noite,Delivery/App,43,1540.69,35.83,10.98,12,4.9
2025-01-30,Quinta,Manhã,Salão,28,869.12,31.04,5.88,6,4.8
2025-01-30,Quinta,Manhã,Drive-Thru,57,1970.49,34.57,3.62,6,4.7
2025-01-30,Quinta,Manhã,Delivery/App,18,815.76,45.32,10.42,6,4.5
2025-01-30,Quinta,Tarde,Salão,46,1539.62,33.47,5.42,9,5.0
2025-01-30,Quinta,Tarde,Drive-Thru,114,4300.08,37.72,3.57,9,4.5
2025-01-30,Quinta,Tarde,Delivery/App,33,1437.48,43.56,10.69,9,4.7
2025-01-30,Quinta,Noite,Salão,44,1515.36,34.44,6.52,8,4.5
2025-01-30,Quinta,Noite,Drive-Thru,98,3865.12,39.44,3.02,8,4.7
2025-01-30,Quinta,Noite,Delivery/App,40,1820.8,45.52,11.37,8,4.6
2025-01-31,Sexta,Manhã,Salão,38,1135.06,29.87,6.06,8,4.9
2025-01-31,Sexta,Manhã,Drive-Thru,65,1924.65,29.61,3.99,8,4.2
2025-01-31,Sexta,Manhã,Delivery/App,15,684.6,45.64,9.39,8,4.8
2025-01-31,Sexta,Tarde,Salão,57,1996.71,35.03,6.67,6,4.5
2025-01-31,Sexta,Tarde,Drive-Thru,158,4435.06,28.07,5.09,6,4.2
2025-01-31,Sexta,Tarde,Delivery/App,47,1777.07,37.81,12.24,6,4.6
2025-01-31,Sexta,Noite,Salão,77,1966.58,25.54,6.37,11,4.3
2025-01-31,Sexta,Noite,Drive-Thru,157,5463.6,34.8,3.76,11,4.2
2025-01-31,Sexta,Noite,Delivery/App,49,1860.53,37.97,11.84,11,4.5
2025-02-01,Sábado,Manhã,Salão,35,1174.6,33.56,6.36,5,4.3
2025-02-01,Sábado,Manhã,Drive-Thru,60,1452.6,24.21,3.58,5,4.7
2025-02-01,Sábado,Manhã,Delivery/App,15,657.45,43.83,10.29,5,4.6
2025-02-01,Sábado,Tarde,Salão,69,2297.01,33.29,6.53,7,4.6
2025-02-01,Sábado,Tarde,Drive-Thru,129,3989.97,30.93,3.41,7,4.5
2025-02-01,Sábado,Tarde,Delivery/App,30,1315.8,43.86,11.42,7,4.5
2025-02-01,Sábado,Noite,Salão,51,1369.35,26.85,6.54,11,4.3
2025-02-01,Sábado,Noite,Drive-Thru,138,4632.66,33.57,3.75,11,4.9
2025-02-01,Sábado,Noite,Delivery/App,46,1468.32,31.92,11.52,11,4.7
2025-02-02,Domingo,Manhã,Salão,28,849.8,30.35,5.06,6,4.5
2025-02-02,Domingo,Manhã,Drive-Thru,45,1208.25,26.85,2.63,6,4.5
2025-02-02,Domingo,Manhã,Delivery/App,16,651.04,40.69,10.07,6,4.5
2025-02-02,Domingo,Tarde,Salão,86,2782.96,32.36,5.28,8,5.0
2025-02-02,Domingo,Tarde,Drive-Thru,96,2972.16,30.96,2.77,8,5.0
2025-02-02,Domingo,Tarde,Delivery/App,41,1731.84,42.24,11.37,8,4.7
2025-02-02,Domingo,Noite,Salão,52,1722.24,33.12,6.09,12,4.5
2025-02-02,Domingo,Noite,Drive-Thru,124,3698.92,29.83,2.88,12,4.5
2025-02-02,Domingo,Noite,Delivery/App,53,2047.39,38.63,11.31,12,4.9
2025-02-03,Segunda,Manhã,Salão,20,536.0,26.8,5.26,5,4.6
2025-02-03,Segunda,Manhã,Drive-Thru,47,1232.34,26.22,3.48,5,4.7
2025-02-03,Segunda,Manhã,Delivery/App,11,362.56,32.96,10.19,5,4.7
2025-02-03,Segunda,Tarde,Salão,53,1237.55,23.35,5.28,6,5.0
2025-02-03,Segunda,Tarde,Drive-Thru,89,2983.28,33.52,3.25,6,4.7
2025-02-03,Segunda,Tarde,Delivery/App,30,1269.6,42.32,11.09,6,4.3
2025-02-03,Segunda,Noite,Salão,42,1062.6,25.3,5.81,11,4.9
2025-02-03,Segunda,Noite,Drive-Thru,87,2739.63,31.49,3.26,11,5.0
2025-02-03,Segunda,Noite,Delivery/App,30,980.7,32.69,11.57,11,4.7
2025-02-04,Terça,Manhã,Salão,21,540.75,25.75,5.61,6,4.4
2025-02-04,Terça,Manhã,Drive-Thru,41,1298.06,31.66,3.39,6,4.3
2025-02-04,Terça,Manhã,Delivery/App,13,530.53,40.81,9.58,6,4.3
2025-02-04,Terça,Tarde,Salão,38,1151.78,30.31,6.13,6,4.5
2025-02-04,Terça,Tarde,Drive-Thru,68,1696.6,24.95,3.76,6,4.5
2025-02-04,Terça,Tarde,Delivery/App,24,807.12,33.63,10.83,6,4.6
2025-02-04,Terça,Noite,Salão,42,959.28,22.84,6.77,8,4.3
2025-02-04,Terça,Noite,Drive-Thru,105,3266.55,31.11,3.28,8,4.8
2025-02-04,Terça,Noite,Delivery/App,29,894.36,30.84,11.67,8,4.3
2025-02-05,Quarta,Manhã,Salão,21,646.17,30.77,5.27,6,4.6
2025-02-05,Quarta,Manhã,Drive-Thru,48,1252.8,26.1,3.22,6,4.4
2025-02-05,Quarta,Manhã,Delivery/App,13,501.41,38.57,10.16,6,4.4
2025-02-05,Quarta,Tarde,Salão,58,1829.9,31.55,5.31,9,4.5
2025-02-05,Quarta,Tarde,Drive-Thru,82,2944.62,35.91,3.21,9,4.8
2025-02-05,Quarta,Tarde,Delivery/App,28,1119.44,39.98,11.19,9,4.6
2025-02-05,Quarta,Noite,Salão,38,1113.4,29.3,5.82,8,4.7
2025-02-05,Quarta,Noite,Drive-Thru,87,2485.59,28.57,3.13,8,4.4
2025-02-05,Quarta,Noite,Delivery/App,32,1221.12,38.16,11.58,8,4.8
2025-02-06,Quinta,Manhã,Salão,26,858.78,33.03,6.82,5,4.5
2025-02-06,Quinta,Manhã,Drive-Thru,45,1539.9,34.22,3.33,5,4.5
2025-02-06,Quinta,Manhã,Delivery/App,13,570.57,43.89,10.23,5,4.7
2025-02-06,Quinta,Tarde,Salão,54,1718.28,31.82,5.57,9,4.5
2025-02-06,Quinta,Tarde,Drive-Thru,86,3026.34,35.19,3.43,9,4.5
2025-02-06,Quinta,Tarde,Delivery/App,37,1295.74,35.02,10.48,9,4.7
2025-02-06,Quinta,Noite,Salão,41,1307.9,31.9,5.72,12,4.5
2025-02-06,Quinta,Noite,Drive-Thru,99,2944.26,29.74,2.44,12,4.8
2025-02-06,Quinta,Noite,Delivery/App,36,1619.28,44.98,10.88,12,4.7
2025-02-07,Sexta,Manhã,Salão,36,792.0,22.0,5.78,7,4.5
2025-02-07,Sexta,Manhã,Drive-Thru,51,1569.27,30.77,2.45,7,4.6
2025-02-07,Sexta,Manhã,Delivery/App,15,566.25,37.75,10.41,7,4.8
2025-02-07,Sexta,Tarde,Salão,63,1477.98,23.46,5.84,8,4.5
2025-02-07,Sexta,Tarde,Drive-Thru,111,3586.41,32.31,3.54,8,4.4
2025-02-07,Sexta,Tarde,Delivery/App,31,1239.38,39.98,11.28,8,4.1
2025-02-07,Sexta,Noite,Salão,60,1644.0,27.4,5.55,14,4.5
2025-02-07,Sexta,Noite,Drive-Thru,148,4854.4,32.8,2.96,14,4.6
2025-02-07,Sexta,Noite,Delivery/App,32,969.92,30.31,11.24,14,4.5
2025-02-08,Sábado,Manhã,Salão,27,864.27,32.01,5.96,7,4.3
2025-02-08,Sábado,Manhã,Drive-Thru,65,1610.7,24.78,3.22,7,4.5
2025-02-08,Sábado,Manhã,Delivery/App,17,645.83,37.99,9.73,7,4.5
2025-02-08,Sábado,Tarde,Salão,64,1657.6,25.9,5.65,10,5.0
2025-02-08,Sábado,Tarde,Drive-Thru,96,2832.96,29.51,2.48,10,4.8
2025-02-08,Sábado,Tarde,Delivery/App,39,1766.31,45.29,10.52,10,4.9
2025-02-08,Sábado,Noite,Salão,44,1411.96,32.09,6.1,9,5.0
2025-02-08,Sábado,Noite,Drive-Thru,119,3797.29,31.91,3.76,9,4.8
2025-02-08,Sábado,Noite,Delivery/App,43,1646.47,38.29,11.9,9,4.7
2025-02-09,Domingo,Manhã,Salão,31,934.96,30.16,5.65,6,4.6
2025-02-09,Domingo,Manhã,Drive-Thru,51,1438.2,28.2,2.84,6,4.8
2025-02-09,Domingo,Manhã,Delivery/App,18,593.28,32.96,10.92,6,4.6
2025-02-09,Domingo,Tarde,Salão,68,2229.72,32.79,5.73,8,4.5
2025-02-09,Domingo,Tarde,Drive-Thru,125,4463.75,35.71,3.29,8,4.4
2025-02-09,Domingo,Tarde,Delivery/App,42,1476.72,35.16,11.13,8,4.6
2025-02-09,Domingo,Noite,Salão,47,1308.01,27.83,6.17,10,4.8
2025-02-09,Domingo,Noite,Drive-Thru,112,2746.24,24.52,3.6,10,4.7
2025-02-09,Domingo,Noite,Delivery/App,42,1323.84,31.52,12.01,10,4.2
2025-02-10,Segunda,Manhã,Salão,26,647.14,24.89,5.88,5,4.5
2025-02-10,Segunda,Manhã,Drive-Thru,43,1489.52,34.64,2.74,5,4.8
2025-02-10,Segunda,Manhã,Delivery/App,12,522.48,43.54,10.41,5,4.5
2025-02-10,Segunda,Tarde,Salão,52,1281.8,24.65,5.06,10,4.8
2025-02-10,Segunda,Tarde,Drive-Thru,84,2775.36,33.04,2.9,10,4.7
2025-02-10,Segunda,Tarde,Delivery/App,22,916.3,41.65,10.55,10,4.5
2025-02-10,Segunda,Noite,Salão,37,1038.59,28.07,6.09,11,4.7
2025-02-10,Segunda,Noite,Drive-Thru,104,3173.04,30.51,3.35,11,5.0
2025-02-10,Segunda,Noite,Delivery/App,37,1517.74,41.02,10.73,11,4.8
2025-02-11,Terça,Manhã,Salão,27,645.84,23.92,5.9,4,4.5
2025-02-11,Terça,Manhã,Drive-Thru,49,1759.1,35.9,3.13,4,4.5
2025-02-11,Terça,Manhã,Delivery/App,10,428.0,42.8,10.45,4,4.3
2025-02-11,Terça,Tarde,Salão,47,1476.27,31.41,5.37,8,4.6
2025-02-11,Terça,Tarde,Drive-Thru,85,2816.05,33.13,2.77,8,4.5
2025-02-11,Terça,Tarde,Delivery/App,26,1144.78,44.03,10.48,8,5.0
2025-02-11,Terça,Noite,Salão,38,898.7,23.65,5.86,10,4.6
2025-02-11,Terça,Noite,Drive-Thru,79,2724.71,34.49,2.58,10,5.0
2025-02-11,Terça,Noite,Delivery/App,35,1108.45,31.67,11.84,10,4.4
2025-02-12,Quarta,Manhã,Salão,32,935.36,29.23,5.83,5,4.4
2025-02-12,Quarta,Manhã,Drive-Thru,47,1519.98,32.34,3.55,5,4.4
2025-02-12,Quarta,Manhã,Delivery/App,8,255.68,31.96,10.25,5,4.4
2025-02-12,Quarta,Tarde,Salão,55,1251.25,22.75,6.01,9,4.7
2025-02-12,Quarta,Tarde,Drive-Thru,76,1982.08,26.08,3.56,9,4.6
2025-02-12,Quarta,Tarde,Delivery/App,35,1149.75,32.85,11.19,9,4.8
2025-02-12,Quarta,Noite,Salão,34,895.9,26.35,6.25,9,4.7
2025-02-12,Quarta,Noite,Drive-Thru,75,2068.5,27.58,3.79,9,4.6
2025-02-12,Quarta,Noite,Delivery/App,33,1413.72,42.84,11.83,9,4.4
2025-02-13,Quinta,Manhã,Salão,16,473.12,29.57,5.62,5,4.6
2025-02-13,Quinta,Manhã,Drive-Thru,42,1209.18,28.79,3.12,5,4.6
2025-02-13,Quinta,Manhã,Delivery/App,13,392.73,30.21,10.7,5,4.4
2025-02-13,Quinta,Tarde,Salão,56,1534.4,27.4,5.75,7,4.5
2025-02-13,Quinta,Tarde,Drive-Thru,85,2103.75,24.75,2.53,7,4.9
2025-02-13,Quinta,Tarde,Delivery/App,30,910.5,30.35,10.93,7,4.7
2025-02-13,Quinta,Noite,Salão,40,905.2,22.63,5.12,12,4.7
2025-02-13,Quinta,Noite,Drive-Thru,105,2769.9,26.38,2.61,12,4.5
2025-02-13,Quinta,Noite,Delivery/App,45,2049.75,45.55,10.78,12,5.0
2025-02-14,Sexta,Manhã,Salão,32,800.32,25.01,5.9,4,4.6
2025-02-14,Sexta,Manhã,Drive-Thru,69,2089.32,30.28,3.65,4,4.6
2025-02-14,Sexta,Manhã,Delivery/App,17,532.27,31.31,11.42,4,4.2
2025-02-14,Sexta,Tarde,Salão,44,1467.4,33.35,5.65,10,4.8
2025-02-14,Sexta,Tarde,Drive-Thru,83,2640.23,31.81,2.63,10,4.6
2025-02-14,Sexta,Tarde,Delivery/App,38,1451.6,38.2,10.69,10,4.9
2025-02-14,Sexta,Noite,Salão,40,1298.8,32.47,5.74,12,5.0
2025-02-14,Sexta,Noite,Drive-Thru,133,4395.65,33.05,2.9,12,4.8
2025-02-14,Sexta,Noite,Delivery/App,56,2180.08,38.93,11.76,12,4.5
2025-02-15,Sábado,Manhã,Salão,34,907.46,26.69,5.66,6,4.8
2025-02-15,Sábado,Manhã,Drive-Thru,45,1130.4,25.12,2.74,6,4.4
2025-02-15,Sábado,Manhã,Delivery/App,15,494.85,32.99,10.2,6,4.4
2025-02-15,Sábado,Tarde,Salão,77,2059.75,26.75,6.69,6,4.5
2025-02-15,Sábado,Tarde,Drive-Thru,127,3289.3,25.9,4.34,6,4.6
2025-02-15,Sábado,Tarde,Delivery/App,41,1824.5,44.5,11.26,6,4.5
2025-02-15,Sábado,Noite,Salão,51,1313.76,25.76,5.27,14,5.0
2025-02-15,Sábado,Noite,Drive-Thru,129,3285.63,25.47,3.09,14,4.5
2025-02-15,Sábado,Noite,Delivery/App,54,2481.3,45.95,11.43,14,4.5
2025-02-16,Domingo,Manhã,Salão,31,1044.08,33.68,5.29,6,4.4
2025-02-16,Domingo,Manhã,Drive-Thru,53,1856.06,35.02,3.37,6,4.5
2025-02-16,Domingo,Manhã,Delivery/App,13,442.91,34.07,10.63,6,4.6
2025-02-16,Domingo,Tarde,Salão,69,1611.84,23.36,6.33,7,4.5
2025-02-16,Domingo,Tarde,Drive-Thru,127,4175.76,32.88,3.73,7,4.7
2025-02-16,Domingo,Tarde,Delivery/App,32,1183.04,36.97,11.72,7,4.6
2025-02-16,Domingo,Noite,Salão,51,1140.87,22.37,6.03,13,4.6
2025-02-16,Domingo,Noite,Drive-Thru,134,3722.52,27.78,3.33,13,4.5
2025-02-16,Domingo,Noite,Delivery/App,46,2017.56,43.86,11.05,13,4.6
2025-02-17,Segunda,Manhã,Salão,21,470.4,22.4,6.27,4,4.2
2025-02-17,Segunda,Manhã,Drive-Thru,49,1567.02,31.98,3.77,4,4.6
2025-02-17,Segunda,Manhã,Delivery/App,11,448.03,40.73,10.01,4,4.6
2025-02-17,Segunda,Tarde,Salão,44,1185.8,26.95,5.51,9,4.6
2025-02-17,Segunda,Tarde,Drive-Thru,100,2422.0,24.22,3.14,9,4.6
2025-02-17,Segunda,Tarde,Delivery/App,30,1302.9,43.43,11.1,9,4.6
2025-02-17,Segunda,Noite,Salão,41,1052.06,25.66,6.15,8,4.8
2025-02-17,Segunda,Noite,Drive-Thru,100,2516.0,25.16,4.42,8,4.1
2025-02-17,Segunda,Noite,Delivery/App,34,1345.38,39.57,11.41,8,4.5
2025-02-18,Terça,Manhã,Salão,23,748.19,32.53,5.81,5,4.5
2025-02-18,Terça,Manhã,Drive-Thru,49,1375.92,28.08,3.85,5,4.5
2025-02-18,Terça,Manhã,Delivery/App,11,377.08,34.28,9.57,5,4.7
2025-02-18,Terça,Tarde,Salão,58,1320.08,22.76,5.79,10,4.9
2025-02-18,Terça,Tarde,Drive-Thru,88,2987.6,33.95,3.33,10,4.7
2025-02-18,Terça,Tarde,Delivery/App,31,1186.68,38.28,9.89,10,4.6
2025-02-18,Terça,Noite,Salão,34,887.06,26.09,5.77,11,4.6
2025-02-18,Terça,Noite,Drive-Thru,91,3219.58,35.38,3.75,11,4.6
2025-02-18,Terça,Noite,Delivery/App,41,1316.51,32.11,11.95,11,4.8
2025-02-19,Quarta,Manhã,Salão,23,686.09,29.83,5.65,6,4.7
2025-02-19,Quarta,Manhã,Drive-Thru,45,1422.45,31.61,3.83,6,4.5
2025-02-19,Quarta,Manhã,Delivery/App,11,393.69,35.79,9.86,6,4.6
2025-02-19,Quarta,Tarde,Salão,49,1193.15,24.35,5.01,8,4.4
2025-02-19,Quarta,Tarde,Drive-Thru,93,2462.64,26.48,3.32,8,4.6
2025-02-19,Quarta,Tarde,Delivery/App,31,1213.65,39.15,10.68,8,4.3
2025-02-19,Quarta,Noite,Salão,40,1070.4,26.76,6.44,8,4.5
2025-02-19,Quarta,Noite,Drive-Thru,92,2768.28,30.09,3.31,8,4.7
2025-02-19,Quarta,Noite,Delivery/App,39,1608.36,41.24,11.64,8,4.3
2025-02-20,Quinta,Manhã,Salão,27,825.39,30.57,5.63,6,4.3
2025-02-20,Quinta,Manhã,Drive-Thru,50,1694.5,33.89,3.27,6,4.4
2025-02-20,Quinta,Manhã,Delivery/App,11,397.54,36.14,10.24,6,4.1
2025-02-20,Quinta,Tarde,Salão,46,1341.36,29.16,6.17,8,4.6
2025-02-20,Quinta,Tarde,Drive-Thru,68,2244.0,33.0,2.87,8,5.0
2025-02-20,Quinta,Tarde,Delivery/App,24,968.16,40.34,10.86,8,4.8
2025-02-20,Quinta,Noite,Salão,38,1126.7,29.65,6.04,9,4.7
2025-02-20,Quinta,Noite,Drive-Thru,115,3904.25,33.95,3.75,9,5.0
2025-02-20,Quinta,Noite,Delivery/App,31,1128.09,36.39,11.59,9,4.6
2025-02-21,Sexta,Manhã,Salão,28,900.2,32.15,5.61,5,4.9
2025-02-21,Sexta,Manhã,Drive-Thru,52,1439.36,27.68,3.76,5,4.5
2025-02-21,Sexta,Manhã,Delivery/App,19,812.63,42.77,10.77,5,4.6
2025-02-21,Sexta,Tarde,Salão,67,1896.77,28.31,5.92,8,4.4
2025-02-21,Sexta,Tarde,Drive-Thru,116,3683.0,31.75,3.51,8,4.7
2025-02-21,Sexta,Tarde,Delivery/App,27,812.97,30.11,10.96,8,4.9
2025-02-21,Sexta,Noite,Salão,51,1184.22,23.22,6.26,10,4.9
2025-02-21,Sexta,Noite,Drive-Thru,133,4085.76,30.72,4.05,10,4.6
2025-02-21,Sexta,Noite,Delivery/App,50,1608.5,32.17,11.76,10,4.6
2025-02-22,Sábado,Manhã,Salão,33,840.51,25.47,6.18,8,4.5
2025-02-22,Sábado,Manhã,Drive-Thru,63,2183.58,34.66,3.56,8,4.6
2025-02-22,Sábado,Manhã,Delivery/App,16,578.72,36.17,10.23,8,4.7
2025-02-22,Sábado,Tarde,Salão,51,1460.64,28.64,6.19,10,4.6
2025-02-22,Sábado,Tarde,Drive-Thru,113,3122.19,27.63,3.74,10,4.4
2025-02-22,Sábado,Tarde,Delivery/App,35,1082.2,30.92,10.2,10,4.5
2025-02-22,Sábado,Noite,Salão,41,1187.77,28.97,5.91,13,4.6
2025-02-22,Sábado,Noite,Drive-Thru,112,3529.12,31.51,2.0,13,4.8
2025-02-22,Sábado,Noite,Delivery/App,54,2156.22,39.93,12.21,13,4.5
2025-02-23,Domingo,Manhã,Salão,28,854.84,30.53,6.69,4,4.8
2025-02-23,Domingo,Manhã,Drive-Thru,57,1394.22,24.46,2.77,4,4.7
2025-02-23,Domingo,Manhã,Delivery/App,19,587.48,30.92,10.66,4,4.9
2025-02-23,Domingo,Tarde,Salão,67,2262.59,33.77,5.58,8,4.9
2025-02-23,Domingo,Tarde,Drive-Thru,115,3571.9,31.06,2.98,8,4.5
2025-02-23,Domingo,Tarde,Delivery/App,41,1483.38,36.18,10.84,8,4.2
2025-02-23,Domingo,Noite,Salão,75,2429.25,32.39,6.7,9,4.6
2025-02-23,Domingo,Noite,Drive-Thru,137,4230.56,30.88,4.02,9,4.8
2025-02-23,Domingo,Noite,Delivery/App,46,2037.34,44.29,12.13,9,4.0
2025-02-24,Segunda,Manhã,Salão,27,841.05,31.15,5.5,5,4.6
2025-02-24,Segunda,Manhã,Drive-Thru,51,1611.09,31.59,3.81,5,4.6
2025-02-24,Segunda,Manhã,Delivery/App,13,499.98,38.46,10.0,5,4.6
2025-02-24,Segunda,Tarde,Salão,48,1482.72,30.89,5.69,10,4.5
2025-02-24,Segunda,Tarde,Drive-Thru,93,3086.67,33.19,3.58,10,4.7
2025-02-24,Segunda,Tarde,Delivery/App,31,974.02,31.42,10.29,10,4.7
2025-02-24,Segunda,Noite,Salão,37,969.03,26.19,5.8,11,4.7
2025-02-24,Segunda,Noite,Drive-Thru,94,3324.78,35.37,2.44,11,4.8
2025-02-24,Segunda,Noite,Delivery/App,35,1494.85,42.71,11.07,11,4.7
2025-02-25,Terça,Manhã,Salão,25,763.0,30.52,5.36,5,4.7
2025-02-25,Terça,Manhã,Drive-Thru,44,1210.44,27.51,3.7,5,4.4
2025-02-25,Terça,Manhã,Delivery/App,11,333.85,30.35,10.71,5,4.6
2025-02-25,Terça,Tarde,Salão,51,1491.24,29.24,6.17,6,4.9
2025-02-25,Terça,Tarde,Drive-Thru,72,1834.56,25.48,3.56,6,4.8
2025-02-25,Terça,Tarde,Delivery/App,35,1400.0,40.0,10.78,6,4.7
2025-02-25,Terça,Noite,Salão,38,1161.66,30.57,6.36,9,4.7
2025-02-25,Terça,Noite,Drive-Thru,108,2776.68,25.71,4.69,9,4.3
2025-02-25,Terça,Noite,Delivery/App,39,1480.05,37.95,11.49,9,4.6
2025-02-26,Quarta,Manhã,Salão,22,590.26,26.83,6.1,5,4.7
2025-02-26,Quarta,Manhã,Drive-Thru,50,1556.0,31.12,3.44,5,4.7
2025-02-26,Quarta,Manhã,Delivery/App,9,405.45,45.05,9.98,5,4.6
2025-02-26,Quarta,Tarde,Salão,51,1637.61,32.11,6.57,6,4.4
2025-02-26,Quarta,Tarde,Drive-Thru,84,2933.28,34.92,4.02,6,4.6
2025-02-26,Quarta,Tarde,Delivery/App,27,848.61,31.43,11.1,6,5.0
2025-02-26,Quarta,Noite,Salão,36,901.8,25.05,6.45,8,4.6
2025-02-26,Quarta,Noite,Drive-Thru,98,2679.32,27.34,3.82,8,4.4
2025-02-26,Quarta,Noite,Delivery/App,44,2023.56,45.99,11.84,8,4.6
2025-02-27,Quinta,Manhã,Salão,22,616.0,28.0,5.0,6,4.2
2025-02-27,Quinta,Manhã,Drive-Thru,42,1194.48,28.44,2.62,6,4.9
2025-02-27,Quinta,Manhã,Delivery/App,11,479.71,43.61,10.35,6,4.3
2025-02-27,Quinta,Tarde,Salão,55,1735.25,31.55,6.43,8,4.7
2025-02-27,Quinta,Tarde,Drive-Thru,84,2142.84,25.51,3.4,8,4.5
2025-02-27,Quinta,Tarde,Delivery/App,36,1129.32,31.37,10.62,8,4.7
2025-02-27,Quinta,Noite,Salão,38,886.92,23.34,5.62,8,4.7
2025-02-27,Quinta,Noite,Drive-Thru,78,1889.94,24.23,3.09,8,4.6
2025-02-27,Quinta,Noite,Delivery/App,31,1174.59,37.89,12.09,8,4.1
2025-02-28,Sexta,Manhã,Salão,36,1016.28,28.23,6.05,5,4.3
2025-02-28,Sexta,Manhã,Drive-Thru,69,2297.01,33.29,3.67,5,4.8
2025-02-28,Sexta,Manhã,Delivery/App,15,513.75,34.25,10.53,5,4.6
2025-02-28,Sexta,Tarde,Salão,81,2143.26,26.46,6.14,9,4.6
2025-02-28,Sexta,Tarde,Drive-Thru,118,3936.48,33.36,3.53,9,4.1
2025-02-28,Sexta,Tarde,Delivery/App,33,1150.05,34.85,10.77,9,4.3
2025-02-28,Sexta,Noite,Salão,60,2032.8,33.88,6.61,13,4.6
2025-02-28,Sexta,Noite,Drive-Thru,105,3340.05,31.81,3.3,13,5.0
2025-02-28,Sexta,Noite,Delivery/App,43,1789.23,41.61,11.49,13,4.8
2025-03-01,Sábado,Manhã,Salão,35,902.3,25.78,6.4,5,4.5
2025-03-01,Sábado,Manhã,Drive-Thru,64,2158.08,33.72,3.14,5,4.6
2025-03-01,Sábado,Manhã,Delivery/App,17,707.2,41.6,10.27,5,4.6
2025-03-01,Sábado,Tarde,Salão,61,1440.21,23.61,6.82,8,4.5
2025-03-01,Sábado,Tarde,Drive-Thru,124,3335.6,26.9,4.43,8,4.5
2025-03-01,Sábado,Tarde,Delivery/App,37,1587.67,42.91,10.9,8,5.0
2025-03-01,Sábado,Noite,Salão,42,946.26,22.53,5.4,14,4.5
2025-03-01,Sábado,Noite,Drive-Thru,136,3658.4,26.9,3.16,14,4.4
2025-03-01,Sábado,Noite,Delivery/App,50,1849.5,36.99,10.92,14,4.8
2025-03-02,Domingo,Manhã,Salão,35,1088.15,31.09,5.9,6,4.5
2025-03-02,Domingo,Manhã,Drive-Thru,52,1696.24,32.62,3.53,6,4.3
2025-03-02,Domingo,Manhã,Delivery/App,14,546.56,39.04,10.44,6,4.5
2025-03-02,Domingo,Tarde,Salão,81,1790.91,22.11,6.77,6,4.5
2025-03-02,Domingo,Tarde,Drive-Thru,125,3332.5,26.66,3.42,6,4.8
2025-03-02,Domingo,Tarde,Delivery/App,36,1499.76,41.66,11.26,6,4.4
2025-03-02,Domingo,Noite,Salão,68,1592.56,23.42,6.67,8,4.4
2025-03-02,Domingo,Noite,Drive-Thru,105,3678.15,35.03,3.45,8,4.9
2025-03-02,Domingo,Noite,Delivery/App,56,2502.64,44.69,11.97,8,4.6
2025-03-03,Segunda,Manhã,Salão,27,795.42,29.46,5.11,5,5.0
2025-03-03,Segunda,Manhã,Drive-Thru,41,1454.68,35.48,3.55,5,4.6
2025-03-03,Segunda,Manhã,Delivery/App,10,336.0,33.6,10.87,5,4.4
2025-03-03,Segunda,Tarde,Salão,39,1251.12,32.08,5.41,8,4.6
2025-03-03,Segunda,Tarde,Drive-Thru,74,2578.9,34.85,3.15,8,4.9
2025-03-03,Segunda,Tarde,Delivery/App,30,1326.6,44.22,11.11,8,4.3
2025-03-03,Segunda,Noite,Salão,41,1047.55,25.55,6.19,8,4.7
2025-03-03,Segunda,Noite,Drive-Thru,80,2203.2,27.54,4.11,8,4.5
2025-03-03,Segunda,Noite,Delivery/App,39,1229.28,31.52,12.28,8,4.7
2025-03-04,Terça,Manhã,Salão,25,689.0,27.56,6.32,5,4.5
2025-03-04,Terça,Manhã,Drive-Thru,49,1497.44,30.56,4.32,5,4.6
2025-03-04,Terça,Manhã,Delivery/App,11,457.27,41.57,10.03,5,4.5
2025-03-04,Terça,Tarde,Salão,47,1205.55,25.65,5.79,10,4.4
2025-03-04,Terça,Tarde,Drive-Thru,93,2703.51,29.07,3.29,10,4.4
2025-03-04,Terça,Tarde,Delivery/App,24,993.6,41.4,10.28,10,4.8
2025-03-04,Terça,Noite,Salão,43,1225.93,28.51,5.79,10,4.6
2025-03-04,Terça,Noite,Drive-Thru,84,2433.48,28.97,3.33,10,4.3
2025-03-04,Terça,Noite,Delivery/App,38,1432.98,37.71,11.04,10,4.8
2025-03-05,Quarta,Manhã,Salão,24,733.68,30.57,5.47,6,4.7
2025-03-05,Quarta,Manhã,Drive-Thru,56,1592.08,28.43,4.54,6,4.6
2025-03-05,Quarta,Manhã,Delivery/App,13,486.07,37.39,10.29,6,4.7
2025-03-05,Quarta,Tarde,Salão,48,1520.64,31.68,5.8,10,4.5
2025-03-05,Quarta,Tarde,Drive-Thru,74,2074.22,28.03,3.4,10,4.8
2025-03-05,Quarta,Tarde,Delivery/App,30,1138.2,37.94,10.63,10,4.4
2025-03-05,Quarta,Noite,Salão,38,1011.18,26.61,5.85,11,4.8
2025-03-05,Quarta,Noite,Drive-Thru,105,3550.05,33.81,2.86,11,4.8
2025-03-05,Quarta,Noite,Delivery/App,35,1079.05,30.83,12.13,11,4.6
2025-03-06,Quinta,Manhã,Salão,26,824.46,31.71,5.7,5,4.8
2025-03-06,Quinta,Manhã,Drive-Thru,53,1473.4,27.8,3.41,5,4.8
2025-03-06,Quinta,Manhã,Delivery/App,11,494.56,44.96,10.06,5,4.3
2025-03-06,Quinta,Tarde,Salão,54,1308.96,24.24,5.73,9,4.6
2025-03-06,Quinta,Tarde,Drive-Thru,82,2888.04,35.22,2.67,9,4.9
2025-03-06,Quinta,Tarde,Delivery/App,27,1071.63,39.69,10.39,9,4.4
2025-03-06,Quinta,Noite,Salão,49,1273.51,25.99,6.07,9,4.6
2025-03-06,Quinta,Noite,Drive-Thru,89,3144.37,35.33,4.02,9,4.8
2025-03-06,Quinta,Noite,Delivery/App,30,1100.7,36.69,11.82,9,4.5
2025-03-07,Sexta,Manhã,Salão,35,1165.5,33.3,6.2,5,4.5
2025-03-07,Sexta,Manhã,Drive-Thru,62,2216.5,35.75,3.15,5,4.3
2025-03-07,Sexta,Manhã,Delivery/App,16,628.96,39.31,10.54,5,4.2
2025-03-07,Sexta,Tarde,Salão,67,1689.74,25.22,5.17,10,4.9
2025-03-07,Sexta,Tarde,Drive-Thru,98,3490.76,35.62,2.85,10,4.7
2025-03-07,Sexta,Tarde,Delivery/App,35,1385.3,39.58,10.59,10,4.9
2025-03-07,Sexta,Noite,Salão,62,1887.9,30.45,6.33,13,4.2
2025-03-07,Sexta,Noite,Drive-Thru,160,4960.0,31.0,3.09,13,4.4
2025-03-07,Sexta,Noite,Delivery/App,48,1441.44,30.03,12.18,13,4.4
2025-03-08,Sábado,Manhã,Salão,36,953.28,26.48,6.28,7,4.5
2025-03-08,Sábado,Manhã,Drive-Thru,57,1631.91,28.63,3.19,7,4.7
2025-03-08,Sábado,Manhã,Delivery/App,17,711.11,41.83,10.83,7,4.6
2025-03-08,Sábado,Tarde,Salão,59,1823.69,30.91,6.25,8,4.5
2025-03-08,Sábado,Tarde,Drive-Thru,120,3618.0,30.15,3.72,8,4.6
2025-03-08,Sábado,Tarde,Delivery/App,31,1262.63,40.73,10.53,8,4.8
2025-03-08,Sábado,Noite,Salão,57,1263.12,22.16,6.83,8,4.4
2025-03-08,Sábado,Noite,Drive-Thru,119,3242.75,27.25,4.48,8,4.5
2025-03-08,Sábado,Noite,Delivery/App,57,1784.1,31.3,12.63,8,4.6
2025-03-09,Domingo,Manhã,Salão,36,1027.08,28.53,5.81,8,4.3
2025-03-09,Domingo,Manhã,Drive-Thru,68,2057.68,30.26,3.51,8,4.5
2025-03-09,Domingo,Manhã,Delivery/App,15,670.95,44.73,10.43,8,5.0
2025-03-09,Domingo,Tarde,Salão,70,2201.5,31.45,6.68,6,4.9
2025-03-09,Domingo,Tarde,Drive-Thru,105,2832.9,26.98,3.55,6,4.9
2025-03-09,Domingo,Tarde,Delivery/App,47,2114.06,44.98,11.25,6,4.5
2025-03-09,Domingo,Noite,Salão,43,1101.23,25.61,6.12,8,4.6
2025-03-09,Domingo,Noite,Drive-Thru,142,3586.92,25.26,3.94,8,4.5
2025-03-09,Domingo,Noite,Delivery/App,56,2266.88,40.48,11.93,8,4.5
2025-03-10,Segunda,Manhã,Salão,27,857.79,31.77,6.13,4,4.4
2025-03-10,Segunda,Manhã,Drive-Thru,47,1291.09,27.47,3.04,4,4.4
2025-03-10,Segunda,Manhã,Delivery/App,16,571.36,35.71,11.15,4,4.7
2025-03-10,Segunda,Tarde,Salão,47,1501.18,31.94,6.36,6,4.4
2025-03-10,Segunda,Tarde,Drive-Thru,92,2620.16,28.48,4.19,6,4.3
2025-03-10,Segunda,Tarde,Delivery/App,25,877.5,35.1,10.9,6,4.8
2025-03-10,Segunda,Noite,Salão,42,1346.1,32.05,6.72,8,4.7
2025-03-10,Segunda,Noite,Drive-Thru,103,3014.81,29.27,3.26,8,4.7
2025-03-10,Segunda,Noite,Delivery/App,31,1274.1,41.1,12.0,8,4.5
2025-03-11,Terça,Manhã,Salão,24,741.36,30.89,5.97,4,4.8
2025-03-11,Terça,Manhã,Drive-Thru,41,1250.5,30.5,3.78,4,4.3
2025-03-11,Terça,Manhã,Delivery/App,9,375.48,41.72,10.75,4,4.9
2025-03-11,Terça,Tarde,Salão,65,1621.1,24.94,6.35,7,4.5
2025-03-11,Terça,Tarde,Drive-Thru,80,2144.8,26.81,3.87,7,5.0
2025-03-11,Terça,Tarde,Delivery/App,23,888.95,38.65,10.14,7,4.9
2025-03-11,Terça,Noite,Salão,45,1099.8,24.44,6.64,8,4.2
2025-03-11,Terça,Noite,Drive-Thru,92,3251.28,35.34,3.65,8,4.6
2025-03-11,Terça,Noite,Delivery/App,43,1931.99,44.93,12.13,8,4.6
2025-03-12,Quarta,Manhã,Salão,23,753.25,32.75,5.39,4,4.6
2025-03-12,Quarta,Manhã,Drive-Thru,37,1074.11,29.03,3.33,4,4.4
2025-03-12,Quarta,Manhã,Delivery/App,15,615.3,41.02,10.98,4,4.5
2025-03-12,Quarta,Tarde,Salão,61,1682.38,27.58,6.18,6,4.6
2025-03-12,Quarta,Tarde,Drive-Thru,82,2491.16,30.38,3.36,6,4.9
2025-03-12,Quarta,Tarde,Delivery/App,28,1021.16,36.47,11.02,6,4.6
2025-03-12,Quarta,Noite,Salão,39,1111.5,28.5,6.71,8,4.5
2025-03-12,Quarta,Noite,Drive-Thru,98,2793.98,28.51,3.55,8,4.9
2025-03-12,Quarta,Noite,Delivery/App,30,1068.3,35.61,11.49,8,4.5
2025-03-13,Quinta,Manhã,Salão,24,635.76,26.49,5.59,5,4.6
2025-03-13,Quinta,Manhã,Drive-Thru,48,1370.4,28.55,3.26,5,4.6
2025-03-13,Quinta,Manhã,Delivery/App,12,431.64,35.97,9.99,5,4.7
2025-03-13,Quinta,Tarde,Salão,40,1143.2,28.58,6.76,6,4.1
2025-03-13,Quinta,Tarde,Drive-Thru,89,2859.57,32.13,3.95,6,4.4
2025-03-13,Quinta,Tarde,Delivery/App,33,1173.15,35.55,10.82,6,4.4
2025-03-13,Quinta,Noite,Salão,38,1033.6,27.2,6.23,10,4.7
2025-03-13,Quinta,Noite,Drive-Thru,114,3155.52,27.68,3.57,10,5.0
2025-03-13,Quinta,Noite,Delivery/App,32,1157.76,36.18,11.0,10,4.8
2025-03-14,Sexta,Manhã,Salão,38,1090.6,28.7,6.31,6,4.3
2025-03-14,Sexta,Manhã,Drive-Thru,63,1847.79,29.33,3.62,6,4.5
2025-03-14,Sexta,Manhã,Delivery/App,19,732.07,38.53,9.63,6,4.9
2025-03-14,Sexta,Tarde,Salão,74,2097.16,28.34,5.78,10,4.9
2025-03-14,Sexta,Tarde,Drive-Thru,129,4371.81,33.89,2.85,10,4.6
2025-03-14,Sexta,Tarde,Delivery/App,44,2012.12,45.73,11.16,10,4.7
2025-03-14,Sexta,Noite,Salão,51,1280.61,25.11,6.04,11,4.7
2025-03-14,Sexta,Noite,Drive-Thru,105,2569.35,24.47,2.77,11,5.0
2025-03-14,Sexta,Noite,Delivery/App,51,2342.94,45.94,11.56,11,4.7
2025-03-15,Sábado,Manhã,Salão,35,1012.2,28.92,6.19,6,4.6
2025-03-15,Sábado,Manhã,Drive-Thru,54,1310.58,24.27,3.17,6,4.8
2025-03-15,Sábado,Manhã,Delivery/App,15,585.9,39.06,10.73,6,4.2
2025-03-15,Sábado,Tarde,Salão,79,1775.13,22.47,6.3,9,4.6
2025-03-15,Sábado,Tarde,Drive-Thru,131,4029.56,30.76,3.91,9,4.6
2025-03-15,Sábado,Tarde,Delivery/App,45,2063.25,45.85,11.77,9,4.4
2025-03-15,Sábado,Noite,Salão,65,1733.55,26.67,6.77,9,4.3
2025-03-15,Sábado,Noite,Drive-Thru,136,3609.44,26.54,2.92,9,4.9
2025-03-15,Sábado,Noite,Delivery/App,51,2113.44,41.44,11.74,9,4.7
2025-03-16,Domingo,Manhã,Salão,39,1032.72,26.48,6.45,6,4.9
2025-03-16,Domingo,Manhã,Drive-Thru,61,1974.57,32.37,2.84,6,4.8
2025-03-16,Domingo,Manhã,Delivery/App,17,673.03,39.59,9.99,6,4.7
2025-03-16,Domingo,Tarde,Salão,61,1673.23,27.43,5.76,9,4.4
2025-03-16,Domingo,Tarde,Drive-Thru,143,4993.56,34.92,3.42,9,4.7
2025-03-16,Domingo,Tarde,Delivery/App,39,1720.29,44.11,11.41,9,4.6
2025-03-16,Domingo,Noite,Salão,66,1733.16,26.26,7.07,10,4.4
2025-03-16,Domingo,Noite,Drive-Thru,127,3972.56,31.28,3.1,10,4.8
2025-03-16,Domingo,Noite,Delivery/App,51,1763.58,34.58,11.5,10,4.7
2025-03-17,Segunda,Manhã,Salão,25,804.25,32.17,5.58,6,4.5
2025-03-17,Segunda,Manhã,Drive-Thru,47,1657.22,35.26,3.3,6,4.5
2025-03-17,Segunda,Manhã,Delivery/App,11,342.54,31.14,9.84,6,4.5
2025-03-17,Segunda,Tarde,Salão,50,1418.0,28.36,5.39,9,4.6
2025-03-17,Segunda,Tarde,Drive-Thru,81,2557.17,31.57,2.99,9,4.9
2025-03-17,Segunda,Tarde,Delivery/App,23,1049.03,45.61,10.19,9,4.9
2025-03-17,Segunda,Noite,Salão,47,1303.78,27.74,5.57,12,4.9
2025-03-17,Segunda,Noite,Drive-Thru,97,2842.1,29.3,3.02,12,4.7
2025-03-17,Segunda,Noite,Delivery/App,36,1491.84,41.44,10.92,12,4.5
2025-03-18,Terça,Manhã,Salão,27,810.27,30.01,6.5,5,4.6
2025-03-18,Terça,Manhã,Drive-Thru,47,1305.19,27.77,3.82,5,4.5
2025-03-18,Terça,Manhã,Delivery/App,10,378.3,37.83,10.0,5,4.6
2025-03-18,Terça,Tarde,Salão,61,1844.64,30.24,5.51,9,4.7
2025-03-18,Terça,Tarde,Drive-Thru,83,2687.54,32.38,3.28,9,4.7
2025-03-18,Terça,Tarde,Delivery/App,19,844.55,44.45,11.2,9,4.6
2025-03-18,Terça,Noite,Salão,51,1262.76,24.76,6.0,11,4.2
2025-03-18,Terça,Noite,Drive-Thru,106,3385.64,31.94,3.36,11,4.4
2025-03-18,Terça,Noite,Delivery/App,33,1105.5,33.5,11.03,11,4.8
2025-03-19,Quarta,Manhã,Salão,24,702.0,29.25,6.4,5,4.9
2025-03-19,Quarta,Manhã,Drive-Thru,52,1405.56,27.03,3.17,5,4.8
2025-03-19,Quarta,Manhã,Delivery/App,10,391.7,39.17,11.19,5,4.9
2025-03-19,Quarta,Tarde,Salão,54,1674.0,31.0,6.24,9,4.5
2025-03-19,Quarta,Tarde,Drive-Thru,74,2087.54,28.21,3.11,9,4.5
2025-03-19,Quarta,Tarde,Delivery/App,25,845.25,33.81,10.37,9,4.7
2025-03-19,Quarta,Noite,Salão,45,1407.15,31.27,6.77,8,4.9
2025-03-19,Quarta,Noite,Drive-Thru,97,3147.65,32.45,4.31,8,4.5
2025-03-19,Quarta,Noite,Delivery/App,38,1570.54,41.33,12.71,8,4.5
2025-03-20,Quinta,Manhã,Salão,23,646.99,28.13,5.31,5,4.8
2025-03-20,Quinta,Manhã,Drive-Thru,46,1385.52,30.12,3.05,5,4.6
2025-03-20,Quinta,Manhã,Delivery/App,12,444.12,37.01,10.1,5,4.5
2025-03-20,Quinta,Tarde,Salão,52,1614.08,31.04,5.61,8,4.4
2025-03-20,Quinta,Tarde,Drive-Thru,102,3567.96,34.98,3.39,8,4.8
2025-03-20,Quinta,Tarde,Delivery/App,33,1095.6,33.2,11.0,8,4.5
2025-03-20,Quinta,Noite,Salão,42,1355.76,32.28,5.81,8,4.4
2025-03-20,Quinta,Noite,Drive-Thru,84,2771.16,32.99,3.25,8,4.6
2025-03-20,Quinta,Noite,Delivery/App,32,1109.76,34.68,11.14,8,4.5
2025-03-21,Sexta,Manhã,Salão,30,755.7,25.19,6.1,8,4.7
2025-03-21,Sexta,Manhã,Drive-Thru,68,2405.16,35.37,2.97,8,4.7
2025-03-21,Sexta,Manhã,Delivery/App,17,585.48,34.44,10.45,8,4.8
2025-03-21,Sexta,Tarde,Salão,62,1597.12,25.76,5.67,9,4.6
2025-03-21,Sexta,Tarde,Drive-Thru,119,4262.58,35.82,3.41,9,4.8
2025-03-21,Sexta,Tarde,Delivery/App,36,1218.24,33.84,10.7,9,4.4
2025-03-21,Sexta,Noite,Salão,61,2010.56,32.96,5.54,12,4.9
2025-03-21,Sexta,Noite,Drive-Thru,121,3070.98,25.38,2.87,12,4.9
2025-03-21,Sexta,Noite,Delivery/App,47,1597.53,33.99,11.75,12,4.7
2025-03-22,Sábado,Manhã,Salão,30,698.4,23.28,5.19,7,5.0
2025-03-22,Sábado,Manhã,Drive-Thru,58,2046.24,35.28,3.58,7,4.6
2025-03-22,Sábado,Manhã,Delivery/App,15,566.55,37.77,10.31,7,4.6
2025-03-22,Sábado,Tarde,Salão,62,1466.3,23.65,6.3,8,4.8
2025-03-22,Sábado,Tarde,Drive-Thru,91,2571.66,28.26,3.94,8,4.6
2025-03-22,Sábado,Tarde,Delivery/App,37,1172.53,31.69,11.07,8,4.8
2025-03-22,Sábado,Noite,Salão,59,1356.41,22.99,6.22,11,4.8
2025-03-22,Sábado,Noite,Drive-Thru,119,2996.42,25.18,3.27,11,4.5
2025-03-22,Sábado,Noite,Delivery/App,49,1647.38,33.62,11.31,11,4.7
2025-03-23,Domingo,Manhã,Salão,35,1132.6,32.36,5.91,7,4.5
2025-03-23,Domingo,Manhã,Drive-Thru,66,2028.84,30.74,3.6,7,4.4
2025-03-23,Domingo,Manhã,Delivery/App,13,555.1,42.7,9.82,7,4.5
2025-03-23,Domingo,Tarde,Salão,65,1606.8,24.72,6.64,9,4.2
2025-03-23,Domingo,Tarde,Drive-Thru,125,3866.25,30.93,3.92,9,4.5
2025-03-23,Domingo,Tarde,Delivery/App,38,1353.18,35.61,11.44,9,4.8
2025-03-23,Domingo,Noite,Salão,51,1250.01,24.51,6.34,9,4.4
2025-03-23,Domingo,Noite,Drive-Thru,149,3970.85,26.65,3.82,9,4.8
2025-03-23,Domingo,Noite,Delivery/App,45,1943.1,43.18,11.55,9,4.2
2025-03-24,Segunda,Manhã,Salão,23,622.15,27.05,5.99,4,4.7
2025-03-24,Segunda,Manhã,Drive-Thru,46,1276.04,27.74,3.77,4,4.3
2025-03-24,Segunda,Manhã,Delivery/App,9,403.65,44.85,10.74,4,4.4
2025-03-24,Segunda,Tarde,Salão,54,1263.6,23.4,5.99,9,4.6
2025-03-24,Segunda,Tarde,Drive-Thru,80,2260.8,28.26,3.25,9,4.2
2025-03-24,Segunda,Tarde,Delivery/App,32,1386.88,43.34,10.96,9,4.8
2025-03-24,Segunda,Noite,Salão,48,1362.24,28.38,6.33,8,4.3
2025-03-24,Segunda,Noite,Drive-Thru,100,2660.0,26.6,3.87,8,4.2
2025-03-24,Segunda,Noite,Delivery/App,33,1263.57,38.29,11.6,8,4.5
2025-03-25,Terça,Manhã,Salão,26,800.28,30.78,5.76,6,4.7
2025-03-25,Terça,Manhã,Drive-Thru,38,1255.14,33.03,3.74,6,4.9
2025-03-25,Terça,Manhã,Delivery/App,12,442.32,36.86,10.46,6,4.7
2025-03-25,Terça,Tarde,Salão,52,1456.52,28.01,5.43,10,4.4
2025-03-25,Terça,Tarde,Drive-Thru,82,2506.74,30.57,3.23,10,4.6
2025-03-25,Terça,Tarde,Delivery/App,29,1129.55,38.95,10.47,10,4.8
2025-03-25,Terça,Noite,Salão,44,1139.16,25.89,5.67,11,4.6
2025-03-25,Terça,Noite,Drive-Thru,99,2899.71,29.29,3.35,11,4.6
2025-03-25,Terça,Noite,Delivery/App,31,1237.21,39.91,11.93,11,4.6
2025-03-26,Quarta,Manhã,Salão,30,907.8,30.26,6.5,4,4.6
2025-03-26,Quarta,Manhã,Drive-Thru,39,1040.13,26.67,3.55,4,4.2
2025-03-26,Quarta,Manhã,Delivery/App,10,327.3,32.73,10.24,4,4.9
2025-03-26,Quarta,Tarde,Salão,48,1104.48,23.01,5.64,7,4.6
2025-03-26,Quarta,Tarde,Drive-Thru,74,1983.94,26.81,3.56,7,4.7
2025-03-26,Quarta,Tarde,Delivery/App,27,1210.14,44.82,10.74,7,4.6
2025-03-26,Quarta,Noite,Salão,39,1259.7,32.3,6.02,10,4.5
2025-03-26,Quarta,Noite,Drive-Thru,108,2912.76,26.97,3.04,10,5.0
2025-03-26,Quarta,Noite,Delivery/App,35,1084.65,30.99,11.56,10,5.0
2025-03-27,Quinta,Manhã,Salão,29,683.82,23.58,5.19,6,4.6
2025-03-27,Quinta,Manhã,Drive-Thru,44,1142.24,25.96,2.8,6,4.5
2025-03-27,Quinta,Manhã,Delivery/App,10,341.5,34.15,9.47,6,4.8
2025-03-27,Quinta,Tarde,Salão,56,1742.16,31.11,6.22,7,4.5
2025-03-27,Quinta,Tarde,Drive-Thru,104,3362.32,32.33,3.05,7,4.7
2025-03-27,Quinta,Tarde,Delivery/App,26,1158.82,44.57,10.57,7,5.0
2025-03-27,Quinta,Noite,Salão,42,1129.38,26.89,5.9,11,4.7
2025-03-27,Quinta,Noite,Drive-Thru,100,2805.0,28.05,3.72,11,4.5
2025-03-27,Quinta,Noite,Delivery/App,38,1733.56,45.62,10.93,11,4.5
2025-03-28,Sexta,Manhã,Salão,32,796.48,24.89,5.25,6,4.8
2025-03-28,Sexta,Manhã,Drive-Thru,65,2085.2,32.08,3.27,6,4.8
2025-03-28,Sexta,Manhã,Delivery/App,17,608.09,35.77,10.12,6,4.3
2025-03-28,Sexta,Tarde,Salão,76,2577.16,33.91,6.67,7,4.9
2025-03-28,Sexta,Tarde,Drive-Thru,111,3286.71,29.61,3.97,7,4.3
2025-03-28,Sexta,Tarde,Delivery/App,46,1694.64,36.84,11.67,7,4.1
2025-03-28,Sexta,Noite,Salão,61,1748.87,28.67,5.98,14,4.5
2025-03-28,Sexta,Noite,Drive-Thru,120,3981.6,33.18,3.14,14,4.6
2025-03-28,Sexta,Noite,Delivery/App,45,1836.9,40.82,11.48,14,5.0
2025-03-29,Sábado,Manhã,Salão,40,1086.0,27.15,6.38,6,4.3
2025-03-29,Sábado,Manhã,Drive-Thru,67,1795.6,26.8,3.03,6,4.9
2025-03-29,Sábado,Manhã,Delivery/App,17,569.5,33.5,10.83,6,4.6
2025-03-29,Sábado,Tarde,Salão,61,1692.14,27.74,6.18,10,4.5
2025-03-29,Sábado,Tarde,Drive-Thru,124,3667.92,29.58,2.9,10,5.0
2025-03-29,Sábado,Tarde,Delivery/App,32,1111.36,34.73,10.71,10,4.7
2025-03-29,Sábado,Noite,Salão,55,1797.4,32.68,6.32,14,5.0
2025-03-29,Sábado,Noite,Drive-Thru,118,2959.44,25.08,2.9,14,4.4
2025-03-29,Sábado,Noite,Delivery/App,54,2412.72,44.68,10.85,14,4.7
2025-03-30,Domingo,Manhã,Salão,42,1377.6,32.8,6.31,5,4.6
2025-03-30,Domingo,Manhã,Drive-Thru,69,2219.04,32.16,3.57,5,4.6
2025-03-30,Domingo,Manhã,Delivery/App,17,682.38,40.14,10.09,5,4.5
2025-03-30,Domingo,Tarde,Salão,69,2068.62,29.98,5.14,9,4.8
2025-03-30,Domingo,Tarde,Drive-Thru,106,3054.92,28.82,3.46,9,4.8
2025-03-30,Domingo,Tarde,Delivery/App,41,1307.49,31.89,10.46,9,4.5
2025-03-30,Domingo,Noite,Salão,63,1676.43,26.61,5.89,14,4.6
2025-03-30,Domingo,Noite,Drive-Thru,109,3243.84,29.76,2.52,14,4.7
2025-03-30,Domingo,Noite,Delivery/App,36,1354.32,37.62,10.81,14,4.7
2025-03-31,Segunda,Manhã,Salão,19,553.09,29.11,5.26,5,4.9
2025-03-31,Segunda,Manhã,Drive-Thru,50,1271.5,25.43,3.85,5,4.2
2025-03-31,Segunda,Manhã,Delivery/App,12,514.44,42.87,10.35,5,4.5
2025-03-31,Segunda,Tarde,Salão,63,2028.6,32.2,5.3,10,4.6
2025-03-31,Segunda,Tarde,Drive-Thru,84,2987.04,35.56,3.02,10,4.5
2025-03-31,Segunda,Tarde,Delivery/App,32,1004.16,31.38,11.56,10,4.8
2025-03-31,Segunda,Noite,Salão,51,1512.15,29.65,7.0,10,4.5
2025-03-31,Segunda,Noite,Drive-Thru,87,2728.32,31.36,2.87,10,5.0
2025-03-31,Segunda,Noite,Delivery/App,38,1361.92,35.84,11.39,10,5.0
2025-04-01,Terça,Manhã,Salão,28,729.4,26.05,6.32,4,4.5
2025-04-01,Terça,Manhã,Drive-Thru,49,1606.71,32.79,3.3,4,4.7
2025-04-01,Terça,Manhã,Delivery/App,12,538.68,44.89,10.59,4,4.3
2025-04-01,Terça,Tarde,Salão,57,1893.54,33.22,5.58,9,4.6
2025-04-01,Terça,Tarde,Drive-Thru,91,2596.23,28.53,3.27,9,4.6
2025-04-01,Terça,Tarde,Delivery/App,26,990.34,38.09,10.84,9,4.4
2025-04-01,Terça,Noite,Salão,42,924.0,22.0,6.37,8,4.9
2025-04-01,Terça,Noite,Drive-Thru,114,3361.86,29.49,3.38,8,4.2
2025-04-01,Terça,Noite,Delivery/App,42,1351.14,32.17,11.74,8,4.5
2025-04-02,Quarta,Manhã,Salão,23,672.06,29.22,5.18,4,4.9
2025-04-02,Quarta,Manhã,Drive-Thru,41,1176.7,28.7,3.25,4,4.7
2025-04-02,Quarta,Manhã,Delivery/App,11,366.74,33.34,10.43,4,4.4
2025-04-02,Quarta,Tarde,Salão,52,1359.8,26.15,6.43,7,4.6
2025-04-02,Quarta,Tarde,Drive-Thru,101,2519.95,24.95,3.96,7,4.6
2025-04-02,Quarta,Tarde,Delivery/App,23,742.9,32.3,10.57,7,4.6
2025-04-02,Quarta,Noite,Salão,35,1027.95,29.37,5.03,11,4.8
2025-04-02,Quarta,Noite,Drive-Thru,100,2641.0,26.41,1.9,11,5.0
2025-04-02,Quarta,Noite,Delivery/App,32,1428.8,44.65,10.79,11,4.5
2025-04-03,Quinta,Manhã,Salão,27,606.96,22.48,5.37,6,4.7
2025-04-03,Quinta,Manhã,Drive-Thru,31,960.07,30.97,3.04,6,4.7
2025-04-03,Quinta,Manhã,Delivery/App,14,632.94,45.21,10.22,6,4.4
2025-04-03,Quinta,Tarde,Salão,48,1427.04,29.73,5.76,7,4.6
2025-04-03,Quinta,Tarde,Drive-Thru,95,2717.0,28.6,3.65,7,4.5
2025-04-03,Quinta,Tarde,Delivery/App,23,707.71,30.77,11.06,7,4.7
2025-04-03,Quinta,Noite,Salão,40,912.8,22.82,5.51,9,4.2
2025-04-03,Quinta,Noite,Drive-Thru,79,1909.43,24.17,3.62,9,4.5
2025-04-03,Quinta,Noite,Delivery/App,34,1027.82,30.23,11.21,9,4.6
2025-04-04,Sexta,Manhã,Salão,34,994.5,29.25,6.07,5,4.8
2025-04-04,Sexta,Manhã,Drive-Thru,67,1672.32,24.96,3.14,5,4.3
2025-04-04,Sexta,Manhã,Delivery/App,16,527.2,32.95,10.31,5,4.3
2025-04-04,Sexta,Tarde,Salão,66,1605.78,24.33,5.82,11,4.6
2025-04-04,Sexta,Tarde,Drive-Thru,116,2819.96,24.31,3.54,11,5.0
2025-04-04,Sexta,Tarde,Delivery/App,36,1608.48,44.68,10.44,11,4.8
2025-04-04,Sexta,Noite,Salão,58,1589.78,27.41,6.98,8,4.2
2025-04-04,Sexta,Noite,Drive-Thru,98,3453.52,35.24,2.89,8,4.9
2025-04-04,Sexta,Noite,Delivery/App,54,1763.64,32.66,12.24,8,4.5
2025-04-05,Sábado,Manhã,Salão,33,992.31,30.07,5.64,6,4.8
2025-04-05,Sábado,Manhã,Drive-Thru,56,1621.76,28.96,3.68,6,4.9
2025-04-05,Sábado,Manhã,Delivery/App,17,541.28,31.84,10.42,6,4.3
2025-04-05,Sábado,Tarde,Salão,68,1999.88,29.41,5.93,10,4.3
2025-04-05,Sábado,Tarde,Drive-Thru,112,3738.56,33.38,2.94,10,5.0
2025-04-05,Sábado,Tarde,Delivery/App,33,1331.88,40.36,10.47,10,4.8
2025-04-05,Sábado,Noite,Salão,70,2161.6,30.88,6.43,10,4.6
2025-04-05,Sábado,Noite,Drive-Thru,131,3450.54,26.34,3.34,10,4.8
2025-04-05,Sábado,Noite,Delivery/App,43,1649.05,38.35,12.25,10,4.5
2025-04-06,Domingo,Manhã,Salão,43,1265.06,29.42,5.97,5,4.6
2025-04-06,Domingo,Manhã,Drive-Thru,71,2551.03,35.93,3.9,5,4.1
2025-04-06,Domingo,Manhã,Delivery/App,20,640.8,32.04,10.0,5,4.4
2025-04-06,Domingo,Tarde,Salão,47,1235.63,26.29,5.31,10,5.0
2025-04-06,Domingo,Tarde,Drive-Thru,143,3709.42,25.94,4.49,10,4.2
2025-04-06,Domingo,Tarde,Delivery/App,32,1340.16,41.88,10.77,10,4.6
2025-04-06,Domingo,Noite,Salão,54,1357.02,25.13,6.36,11,5.0
2025-04-06,Domingo,Noite,Drive-Thru,141,4416.12,31.32,3.82,11,4.4
2025-04-06,Domingo,Noite,Delivery/App,48,1640.64,34.18,12.35,11,4.3
2025-04-07,Segunda,Manhã,Salão,23,620.77,26.99,5.51,4,4.6
2025-04-07,Segunda,Manhã,Drive-Thru,47,1179.7,25.1,3.21,4,4.5
2025-04-07,Segunda,Manhã,Delivery/App,12,371.64,30.97,10.04,4,4.4
2025-04-07,Segunda,Tarde,Salão,49,1605.24,32.76,5.93,8,4.8
2025-04-07,Segunda,Tarde,Drive-Thru,89,3001.08,33.72,3.74,8,4.9
2025-04-07,Segunda,Tarde,Delivery/App,27,1204.47,44.61,10.32,8,4.7
2025-04-07,Segunda,Noite,Salão,43,1144.66,26.62,6.02,9,5.0
2025-04-07,Segunda,Noite,Drive-Thru,81,2517.48,31.08,3.64,9,4.5
2025-04-07,Segunda,Noite,Delivery/App,38,1491.88,39.26,12.13,9,4.3
2025-04-08,Terça,Manhã,Salão,30,771.3,25.71,5.66,4,4.4
2025-04-08,Terça,Manhã,Drive-Thru,49,1591.52,32.48,2.73,4,4.8
2025-04-08,Terça,Manhã,Delivery/App,13,574.21,44.17,10.17,4,4.7
2025-04-08,Terça,Tarde,Salão,53,1328.71,25.07,6.1,6,4.5
2025-04-08,Terça,Tarde,Drive-Thru,82,2813.42,34.31,4.45,6,4.5
2025-04-08,Terça,Tarde,Delivery/App,31,1306.96,42.16,10.9,6,4.5
2025-04-08,Terça,Noite,Salão,32,1062.72,33.21,6.03,12,4.5
2025-04-08,Terça,Noite,Drive-Thru,105,3736.95,35.59,3.53,12,4.4
2025-04-08,Terça,Noite,Delivery/App,34,1385.5,40.75,11.45,12,5.0
2025-04-09,Quarta,Manhã,Salão,23,546.71,23.77,6.31,5,4.4
2025-04-09,Quarta,Manhã,Drive-Thru,40,1265.2,31.63,3.56,5,4.5
2025-04-09,Quarta,Manhã,Delivery/App,12,512.64,42.72,10.48,5,4.8
2025-04-09,Quarta,Tarde,Salão,46,1374.94,29.89,6.03,6,4.6
2025-04-09,Quarta,Tarde,Drive-Thru,88,2394.48,27.21,3.72,6,4.5
2025-04-09,Quarta,Tarde,Delivery/App,37,1433.01,38.73,11.06,6,4.8
2025-04-09,Quarta,Noite,Salão,41,1065.18,25.98,6.36,9,5.0
2025-04-09,Quarta,Noite,Drive-Thru,97,2922.61,30.13,3.37,9,4.5
2025-04-09,Quarta,Noite,Delivery/App,37,1191.4,32.2,11.86,9,4.6
2025-04-10,Quinta,Manhã,Salão,26,806.52,31.02,6.0,6,4.5
2025-04-10,Quinta,Manhã,Drive-Thru,48,1579.2,32.9,2.9,6,4.4
2025-04-10,Quinta,Manhã,Delivery/App,13,571.61,43.97,10.12,6,4.9
2025-04-10,Quinta,Tarde,Salão,54,1626.48,30.12,5.56,9,4.4
2025-04-10,Quinta,Tarde,Drive-Thru,104,3216.72,30.93,3.24,9,4.2
2025-04-10,Quinta,Tarde,Delivery/App,25,1032.25,41.29,9.68,9,4.6
2025-04-10,Quinta,Noite,Salão,38,1021.82,26.89,6.2,9,4.7
2025-04-10,Quinta,Noite,Drive-Thru,80,2159.2,26.99,3.72,9,4.6
2025-04-10,Quinta,Noite,Delivery/App,37,1569.17,42.41,11.33,9,4.6
2025-04-11,Sexta,Manhã,Salão,35,842.1,24.06,5.37,5,4.6
2025-04-11,Sexta,Manhã,Drive-Thru,52,1268.8,24.4,3.31,5,4.4
2025-04-11,Sexta,Manhã,Delivery/App,16,601.28,37.58,10.24,5,4.8
2025-04-11,Sexta,Tarde,Salão,67,1804.31,26.93,5.93,10,4.8
2025-04-11,Sexta,Tarde,Drive-Thru,111,2725.05,24.55,2.96,10,4.7
2025-04-11,Sexta,Tarde,Delivery/App,41,1719.54,41.94,11.17,10,4.5
2025-04-11,Sexta,Noite,Salão,45,990.0,22.0,5.36,14,4.6
2025-04-11,Sexta,Noite,Drive-Thru,139,3536.16,25.44,3.09,14,4.6
2025-04-11,Sexta,Noite,Delivery/App,47,1499.77,31.91,11.45,14,4.2
2025-04-12,Sábado,Manhã,Salão,35,1031.1,29.46,5.36,8,4.7
2025-04-12,Sábado,Manhã,Drive-Thru,71,1994.39,28.09,3.02,8,5.0
2025-04-12,Sábado,Manhã,Delivery/App,15,572.1,38.14,10.11,8,4.6
2025-04-12,Sábado,Tarde,Salão,54,1695.06,31.39,6.09,8,4.5
2025-04-12,Sábado,Tarde,Drive-Thru,130,4466.8,34.36,3.77,8,4.2
2025-04-12,Sábado,Tarde,Delivery/App,36,1629.36,45.26,11.36,8,4.6
2025-04-12,Sábado,Noite,Salão,47,1347.49,28.67,5.74,11,4.4
2025-04-12,Sábado,Noite,Drive-Thru,145,5054.7,34.86,3.4,11,4.2
2025-04-12,Sábado,Noite,Delivery/App,47,1490.37,31.71,11.18,11,4.5
2025-04-13,Domingo,Manhã,Salão,36,844.92,23.47,5.54,7,4.4
2025-04-13,Domingo,Manhã,Drive-Thru,64,1590.4,24.85,3.33,7,4.8
2025-04-13,Domingo,Manhã,Delivery/App,17,555.9,32.7,10.09,7,4.9
2025-04-13,Domingo,Tarde,Salão,69,1529.73,22.17,5.96,9,5.0
2025-04-13,Domingo,Tarde,Drive-Thru,112,3484.32,31.11,4.02,9,4.4
2025-04-13,Domingo,Tarde,Delivery/App,41,1523.56,37.16,11.17,9,4.8
2025-04-13,Domingo,Noite,Salão,56,1290.8,23.05,6.11,8,4.4
2025-04-13,Domingo,Noite,Drive-Thru,102,2496.96,24.48,3.64,8,4.7
2025-04-13,Domingo,Noite,Delivery/App,51,1645.26,32.26,12.07,8,4.5
2025-04-14,Segunda,Manhã,Salão,26,765.44,29.44,4.74,6,4.2
2025-04-14,Segunda,Manhã,Drive-Thru,49,1548.4,31.6,3.72,6,4.8
2025-04-14,Segunda,Manhã,Delivery/App,8,335.44,41.93,10.17,6,4.8
2025-04-14,Segunda,Tarde,Salão,49,1262.24,25.76,5.63,8,4.4
2025-04-14,Segunda,Tarde,Drive-Thru,100,2578.0,25.78,3.95,8,4.6
2025-04-14,Segunda,Tarde,Delivery/App,25,828.75,33.15,10.66,8,4.5
2025-04-14,Segunda,Noite,Salão,35,1022.35,29.21,5.43,11,5.0
2025-04-14,Segunda,Noite,Drive-Thru,91,2696.33,29.63,3.39,11,4.5
2025-04-14,Segunda,Noite,Delivery/App,37,1175.12,31.76,11.3,11,4.8
2025-04-15,Terça,Manhã,Salão,23,664.93,28.91,5.54,6,4.7
2025-04-15,Terça,Manhã,Drive-Thru,49,1387.68,28.32,2.63,6,4.7
2025-04-15,Terça,Manhã,Delivery/App,10,435.8,43.58,10.15,6,4.3
2025-04-15,Terça,Tarde,Salão,47,1227.17,26.11,6.18,6,4.4
2025-04-15,Terça,Tarde,Drive-Thru,104,2795.52,26.88,4.03,6,4.2
2025-04-15,Terça,Tarde,Delivery/App,27,845.1,31.3,11.28,6,4.7
2025-04-15,Terça,Noite,Salão,39,1031.94,26.46,6.12,11,4.5
2025-04-15,Terça,Noite,Drive-Thru,111,3931.62,35.42,3.55,11,4.9
2025-04-15,Terça,Noite,Delivery/App,34,1143.42,33.63,10.71,11,4.8
2025-04-16,Quarta,Manhã,Salão,26,787.8,30.3,6.27,4,4.2
2025-04-16,Quarta,Manhã,Drive-Thru,43,1505.43,35.01,3.61,4,4.2
2025-04-16,Quarta,Manhã,Delivery/App,12,442.68,36.89,10.9,4,4.3
2025-04-16,Quarta,Tarde,Salão,48,1513.44,31.53,6.53,6,4.6
2025-04-16,Quarta,Tarde,Drive-Thru,92,3026.8,32.9,3.87,6,4.6
2025-04-16,Quarta,Tarde,Delivery/App,26,947.18,36.43,11.06,6,4.5
2025-04-16,Quarta,Noite,Salão,50,1378.5,27.57,5.74,12,5.0
2025-04-16,Quarta,Noite,Drive-Thru,83,2104.05,25.35,3.24,12,4.6
2025-04-16,Quarta,Noite,Delivery/App,46,1399.78,30.43,11.1,12,4.7
2025-04-17,Quinta,Manhã,Salão,30,950.1,31.67,5.48,4,5.0
2025-04-17,Quinta,Manhã,Drive-Thru,49,1576.33,32.17,3.56,4,5.0
2025-04-17,Quinta,Manhã,Delivery/App,11,333.85,30.35,10.36,4,4.3
2025-04-17,Quinta,Tarde,Salão,43,1379.01,32.07,5.59,6,4.7
2025-04-17,Quinta,Tarde,Drive-Thru,93,3048.54,32.78,4.32,6,4.1
2025-04-17,Quinta,Tarde,Delivery/App,31,1251.78,40.38,11.07,6,4.4
2025-04-17,Quinta,Noite,Salão,33,801.9,24.3,6.36,10,5.0
2025-04-17,Quinta,Noite,Drive-Thru,113,2992.24,26.48,4.01,10,4.4
2025-04-17,Quinta,Noite,Delivery/App,39,1631.76,41.84,11.4,10,4.6
2025-04-18,Sexta,Manhã,Salão,35,890.4,25.44,6.56,6,4.5
2025-04-18,Sexta,Manhã,Drive-Thru,65,2284.1,35.14,3.75,6,4.3
2025-04-18,Sexta,Manhã,Delivery/App,18,616.32,34.24,10.07,6,4.7
2025-04-18,Sexta,Tarde,Salão,73,2028.67,27.79,6.49,7,4.7
2025-04-18,Sexta,Tarde,Drive-Thru,131,4556.18,34.78,3.43,7,4.7
2025-04-18,Sexta,Tarde,Delivery/App,40,1317.6,32.94,11.01,7,4.6
2025-04-18,Sexta,Noite,Salão,41,1024.59,24.99,5.43,10,4.6
2025-04-18,Sexta,Noite,Drive-Thru,137,4625.12,33.76,3.35,10,4.8
2025-04-18,Sexta,Noite,Delivery/App,44,1591.48,36.17,12.17,10,4.6
2025-04-19,Sábado,Manhã,Salão,33,753.72,22.84,6.11,5,4.5
2025-04-19,Sábado,Manhã,Drive-Thru,68,1866.6,27.45,3.91,5,4.6
2025-04-19,Sábado,Manhã,Delivery/App,15,654.6,43.64,10.77,5,4.4
2025-04-19,Sábado,Tarde,Salão,70,2104.9,30.07,5.53,9,4.6
2025-04-19,Sábado,Tarde,Drive-Thru,112,3326.4,29.7,2.68,9,4.8
2025-04-19,Sábado,Tarde,Delivery/App,42,1567.02,37.31,11.29,9,4.5
2025-04-19,Sábado,Noite,Salão,48,1077.12,22.44,6.25,10,4.9
2025-04-19,Sábado,Noite,Drive-Thru,127,3448.05,27.15,3.35,10,4.6
2025-04-19,Sábado,Noite,Delivery/App,60,2347.8,39.13,11.41,10,4.4
2025-04-20,Domingo,Manhã,Salão,29,765.6,26.4,5.98,5,4.5
2025-04-20,Domingo,Manhã,Drive-Thru,64,2074.24,32.41,3.96,5,4.7
2025-04-20,Domingo,Manhã,Delivery/App,13,484.77,37.29,11.0,5,4.5
2025-04-20,Domingo,Tarde,Salão,68,2240.6,32.95,5.94,7,4.8
2025-04-20,Domingo,Tarde,Drive-Thru,148,3996.0,27.0,4.32,7,4.4
2025-04-20,Domingo,Tarde,Delivery/App,41,1295.19,31.59,12.4,7,4.7
2025-04-20,Domingo,Noite,Salão,44,1328.8,30.2,6.01,11,4.8
2025-04-20,Domingo,Noite,Drive-Thru,134,4448.8,33.2,3.04,11,4.9
2025-04-20,Domingo,Noite,Delivery/App,47,1897.86,40.38,11.71,11,4.8
2025-04-21,Segunda,Manhã,Salão,28,776.16,27.72,5.84,4,4.4
2025-04-21,Segunda,Manhã,Drive-Thru,55,1516.9,27.58,3.17,4,4.7
2025-04-21,Segunda,Manhã,Delivery/App,10,411.3,41.13,10.13,4,4.3
2025-04-21,Segunda,Tarde,Salão,49,1657.18,33.82,5.98,6,4.5
2025-04-21,Segunda,Tarde,Drive-Thru,93,2707.23,29.11,3.43,6,4.5
2025-04-21,Segunda,Tarde,Delivery/App,28,855.4,30.55,11.67,6,4.5
2025-04-21,Segunda,Noite,Salão,41,1351.36,32.96,6.02,8,4.9
2025-04-21,Segunda,Noite,Drive-Thru,92,2355.2,25.6,3.7,8,4.7
2025-04-21,Segunda,Noite,Delivery/App,38,1307.58,34.41,11.83,8,4.9
2025-04-22,Terça,Manhã,Salão,22,729.3,33.15,6.12,4,4.4
2025-04-22,Terça,Manhã,Drive-Thru,45,1289.25,28.65,3.48,4,4.3
2025-04-22,Terça,Manhã,Delivery/App,10,457.3,45.73,10.89,4,4.7
2025-04-22,Terça,Tarde,Salão,42,1241.1,29.55,5.84,6,4.8
2025-04-22,Terça,Tarde,Drive-Thru,91,2992.99,32.89,4.52,6,4.6
2025-04-22,Terça,Tarde,Delivery/App,30,1134.9,37.83,10.57,6,4.6
2025-04-22,Terça,Noite,Salão,38,940.12,24.74,5.81,11,4.6
2025-04-22,Terça,Noite,Drive-Thru,82,2317.32,28.26,3.08,11,4.6
2025-04-22,Terça,Noite,Delivery/App,35,1376.55,39.33,12.07,11,4.8
2025-04-23,Quarta,Manhã,Salão,24,696.48,29.02,5.62,5,4.6
2025-04-23,Quarta,Manhã,Drive-Thru,45,1150.65,25.57,3.32,5,4.8
2025-04-23,Quarta,Manhã,Delivery/App,11,420.53,38.23,10.69,5,4.5
2025-04-23,Quarta,Tarde,Salão,58,1680.84,28.98,6.25,7,4.6
2025-04-23,Quarta,Tarde,Drive-Thru,71,2032.73,28.63,2.35,7,4.6
2025-04-23,Quarta,Tarde,Delivery/App,28,1086.4,38.8,11.4,7,4.5
2025-04-23,Quarta,Noite,Salão,42,951.72,22.66,6.73,9,4.6
2025-04-23,Quarta,Noite,Drive-Thru,102,2803.98,27.49,4.0,9,4.6
2025-04-23,Quarta,Noite,Delivery/App,31,994.17,32.07,11.39,9,4.9
2025-04-24,Quinta,Manhã,Salão,23,561.66,24.42,6.36,4,4.4
2025-04-24,Quinta,Manhã,Drive-Thru,46,1285.7,27.95,3.38,4,4.5
2025-04-24,Quinta,Manhã,Delivery/App,11,374.88,34.08,10.94,4,4.3
2025-04-24,Quinta,Tarde,Salão,52,1319.76,25.38,5.37,10,4.7
2025-04-24,Quinta,Tarde,Drive-Thru,75,2345.25,31.27,2.81,10,4.7
2025-04-24,Quinta,Tarde,Delivery/App,30,1107.9,36.93,10.7,10,4.3
2025-04-24,Quinta,Noite,Salão,53,1490.36,28.12,6.42,9,4.6
2025-04-24,Quinta,Noite,Drive-Thru,105,2592.45,24.69,3.56,9,4.8
2025-04-24,Quinta,Noite,Delivery/App,36,1231.2,34.2,10.91,9,4.7
2025-04-25,Sexta,Manhã,Salão,36,1045.8,29.05,6.56,4,4.4
2025-04-25,Sexta,Manhã,Drive-Thru,71,2085.27,29.37,3.47,4,4.8
2025-04-25,Sexta,Manhã,Delivery/App,20,725.8,36.29,10.75,4,4.3
2025-04-25,Sexta,Tarde,Salão,58,1711.0,29.5,6.32,6,4.6
2025-04-25,Sexta,Tarde,Drive-Thru,145,5119.95,35.31,4.57,6,4.9
2025-04-25,Sexta,Tarde,Delivery/App,40,1679.2,41.98,11.57,6,4.5
2025-04-25,Sexta,Noite,Salão,39,937.17,24.03,6.07,12,5.0
2025-04-25,Sexta,Noite,Drive-Thru,130,3474.9,26.73,4.02,12,4.7
2025-04-25,Sexta,Noite,Delivery/App,50,1989.0,39.78,11.51,12,4.9
2025-04-26,Sábado,Manhã,Salão,32,851.52,26.61,5.18,8,4.3
2025-04-26,Sábado,Manhã,Drive-Thru,61,2045.33,33.53,3.67,8,4.2
2025-04-26,Sábado,Manhã,Delivery/App,18,773.28,42.96,9.85,8,4.5
2025-04-26,Sábado,Tarde,Salão,70,1914.5,27.35,7.12,7,4.5
2025-04-26,Sábado,Tarde,Drive-Thru,124,4260.64,34.36,3.86,7,4.3
2025-04-26,Sábado,Tarde,Delivery/App,39,1618.11,41.49,11.65,7,4.4
2025-04-26,Sábado,Noite,Salão,53,1535.41,28.97,5.69,12,4.8
2025-04-26,Sábado,Noite,Drive-Thru,148,4465.16,30.17,4.26,12,4.7
2025-04-26,Sábado,Noite,Delivery/App,51,1793.67,35.17,11.31,12,4.5
2025-04-27,Domingo,Manhã,Salão,36,812.52,22.57,5.82,5,4.6
2025-04-27,Domingo,Manhã,Drive-Thru,63,1517.04,24.08,3.57,5,4.9
2025-04-27,Domingo,Manhã,Delivery/App,16,644.16,40.26,11.11,5,4.4
2025-04-27,Domingo,Tarde,Salão,80,2576.0,32.2,6.18,8,4.1
2025-04-27,Domingo,Tarde,Drive-Thru,117,4193.28,35.84,3.48,8,4.5
2025-04-27,Domingo,Tarde,Delivery/App,31,1271.0,41.0,10.78,8,4.9
2025-04-27,Domingo,Noite,Salão,63,1798.02,28.54,5.48,12,4.6
2025-04-27,Domingo,Noite,Drive-Thru,120,3224.4,26.87,3.04,12,4.4
2025-04-27,Domingo,Noite,Delivery/App,42,1506.54,35.87,11.65,12,4.7
2025-04-28,Segunda,Manhã,Salão,25,675.5,27.02,4.92,6,4.6
2025-04-28,Segunda,Manhã,Drive-Thru,41,1115.61,27.21,3.64,6,4.4
2025-04-28,Segunda,Manhã,Delivery/App,12,503.4,41.95,9.93,6,4.5
2025-04-28,Segunda,Tarde,Salão,40,1212.8,30.32,5.66,6,4.5
2025-04-28,Segunda,Tarde,Drive-Thru,98,3306.52,33.74,3.56,6,4.2
2025-04-28,Segunda,Tarde,Delivery/App,31,1419.8,45.8,11.65,6,4.7
2025-04-28,Segunda,Noite,Salão,35,993.3,28.38,4.92,11,4.6
2025-04-28,Segunda,Noite,Drive-Thru,118,2834.36,24.02,2.62,11,4.8
2025-04-28,Segunda,Noite,Delivery/App,28,1163.68,41.56,11.35,11,4.4
2025-04-29,Terça,Manhã,Salão,24,657.36,27.39,5.76,5,4.6
2025-04-29,Terça,Manhã,Drive-Thru,45,1147.5,25.5,3.12,5,4.6
2025-04-29,Terça,Manhã,Delivery/App,15,521.55,34.77,9.68,5,4.4
2025-04-29,Terça,Tarde,Salão,50,1472.5,29.45,6.09,8,4.5
2025-04-29,Terça,Tarde,Drive-Thru,77,1884.19,24.47,4.1,8,4.8
2025-04-29,Terça,Tarde,Delivery/App,28,959.0,34.25,10.61,8,4.8
2025-04-29,Terça,Noite,Salão,37,1007.14,27.22,6.24,9,4.7
2025-04-29,Terça,Noite,Drive-Thru,76,1945.6,25.6,3.78,9,4.7
2025-04-29,Terça,Noite,Delivery/App,25,792.75,31.71,12.35,9,4.7
2025-04-30,Quarta,Manhã,Salão,26,803.66,30.91,5.42,4,4.8
2025-04-30,Quarta,Manhã,Drive-Thru,39,1144.26,29.34,3.59,4,4.8
2025-04-30,Quarta,Manhã,Delivery/App,11,500.61,45.51,10.59,4,3.9
2025-04-30,Quarta,Tarde,Salão,45,1335.15,29.67,6.17,8,4.4
2025-04-30,Quarta,Tarde,Drive-Thru,77,2708.09,35.17,3.6,8,4.7
2025-04-30,Quarta,Tarde,Delivery/App,33,1057.65,32.05,11.49,8,4.5
2025-04-30,Quarta,Noite,Salão,45,1104.75,24.55,6.61,10,4.7
2025-04-30,Quarta,Noite,Drive-Thru,96,3207.36,33.41,3.81,10,4.7
2025-04-30,Quarta,Noite,Delivery/App,35,1239.35,35.41,11.97,10,4.7
2025-05-01,Quinta,Manhã,Salão,29,731.38,25.22,6.42,4,4.3
2025-05-01,Quinta,Manhã,Drive-Thru,44,1402.28,31.87,3.48,4,4.4
2025-05-01,Quinta,Manhã,Delivery/App,9,281.07,31.23,9.41,4,4.9
2025-05-01,Quinta,Tarde,Salão,54,1558.98,28.87,5.75,7,4.2
2025-05-01,Quinta,Tarde,Drive-Thru,74,2001.7,27.05,3.92,7,4.5
2025-05-01,Quinta,Tarde,Delivery/App,28,1162.84,41.53,11.99,7,4.5
2025-05-01,Quinta,Noite,Salão,43,993.3,23.1,5.44,9,4.8
2025-05-01,Quinta,Noite,Drive-Thru,115,3017.6,26.24,3.43,9,4.5
2025-05-01,Quinta,Noite,Delivery/App,36,1564.2,43.45,11.47,9,4.9
2025-05-02,Sexta,Manhã,Salão,35,917.0,26.2,5.57,4,4.7
2025-05-02,Sexta,Manhã,Drive-Thru,71,2335.9,32.9,4.54,4,4.2
2025-05-02,Sexta,Manhã,Delivery/App,17,605.88,35.64,11.04,4,4.6
2025-05-02,Sexta,Tarde,Salão,59,1372.93,23.27,6.14,8,4.6
2025-05-02,Sexta,Tarde,Drive-Thru,135,4241.7,31.42,3.99,8,4.7
2025-05-02,Sexta,Tarde,Delivery/App,41,1417.78,34.58,11.31,8,4.3
2025-05-02,Sexta,Noite,Salão,62,1388.8,22.4,6.2,8,4.7
2025-05-02,Sexta,Noite,Drive-Thru,118,3164.76,26.82,4.02,8,4.7
2025-05-02,Sexta,Noite,Delivery/App,48,1602.72,33.39,12.24,8,4.5
2025-05-03,Sábado,Manhã,Salão,36,1040.04,28.89,5.8,6,4.8
2025-05-03,Sábado,Manhã,Drive-Thru,58,1735.36,29.92,2.66,6,4.6
2025-05-03,Sábado,Manhã,Delivery/App,16,722.56,45.16,10.46,6,4.6
2025-05-03,Sábado,Tarde,Salão,58,1752.18,30.21,5.68,10,4.4
2025-05-03,Sábado,Tarde,Drive-Thru,106,3584.92,33.82,3.18,10,4.8
2025-05-03,Sábado,Tarde,Delivery/App,30,1147.2,38.24,10.2,10,4.7
2025-05-03,Sábado,Noite,Salão,66,2117.28,32.08,6.15,11,4.5
2025-05-03,Sábado,Noite,Drive-Thru,133,3569.72,26.84,2.93,11,4.6
2025-05-03,Sábado,Noite,Delivery/App,46,1755.82,38.17,11.09,11,4.7
2025-05-04,Domingo,Manhã,Salão,30,726.0,24.2,6.06,4,4.5
2025-05-04,Domingo,Manhã,Drive-Thru,54,1381.32,25.58,3.86,4,4.4
2025-05-04,Domingo,Manhã,Delivery/App,17,570.86,33.58,10.81,4,4.6
2025-05-04,Domingo,Tarde,Salão,54,1388.88,25.72,4.97,9,4.8
2025-05-04,Domingo,Tarde,Drive-Thru,126,3405.78,27.03,3.44,9,4.6
2025-05-04,Domingo,Tarde,Delivery/App,39,1620.06,41.54,11.22,9,4.7
2025-05-04,Domingo,Noite,Salão,49,1298.5,26.5,5.18,14,4.8
2025-05-04,Domingo,Noite,Drive-Thru,123,3915.09,31.83,3.19,14,5.0
2025-05-04,Domingo,Noite,Delivery/App,39,1237.08,31.72,11.34,14,4.6
2025-05-05,Segunda,Manhã,Salão,31,770.04,24.84,5.76,4,4.6
2025-05-05,Segunda,Manhã,Drive-Thru,45,1420.2,31.56,3.48,4,4.5
2025-05-05,Segunda,Manhã,Delivery/App,10,425.1,42.51,10.39,4,4.4
2025-05-05,Segunda,Tarde,Salão,46,1201.06,26.11,6.11,6,4.6
2025-05-05,Segunda,Tarde,Drive-Thru,74,2651.42,35.83,3.45,6,4.5
2025-05-05,Segunda,Tarde,Delivery/App,31,964.72,31.12,11.5,6,4.6
2025-05-05,Segunda,Noite,Salão,40,910.4,22.76,5.43,9,4.8
2025-05-05,Segunda,Noite,Drive-Thru,98,2776.34,28.33,3.52,9,5.0
2025-05-05,Segunda,Noite,Delivery/App,36,1252.8,34.8,11.31,9,4.7
2025-05-06,Terça,Manhã,Salão,24,627.36,26.14,6.28,4,4.5
2025-05-06,Terça,Manhã,Drive-Thru,49,1322.51,26.99,3.85,4,4.4
2025-05-06,Terça,Manhã,Delivery/App,12,483.6,40.3,10.29,4,4.2
2025-05-06,Terça,Tarde,Salão,45,1263.15,28.07,6.25,8,4.9
2025-05-06,Terça,Tarde,Drive-Thru,81,2084.13,25.73,2.85,8,5.0
2025-05-06,Terça,Tarde,Delivery/App,27,992.52,36.76,10.83,8,4.5
2025-05-06,Terça,Noite,Salão,49,1236.27,25.23,6.17,10,4.7
2025-05-06,Terça,Noite,Drive-Thru,91,2664.48,29.28,2.9,10,4.7
2025-05-06,Terça,Noite,Delivery/App,32,1265.92,39.56,11.24,10,4.7
2025-05-07,Quarta,Manhã,Salão,27,710.1,26.3,5.36,5,4.6
2025-05-07,Quarta,Manhã,Drive-Thru,47,1402.01,29.83,3.65,5,4.5
2025-05-07,Quarta,Manhã,Delivery/App,11,456.5,41.5,10.81,5,4.5
2025-05-07,Quarta,Tarde,Salão,67,1539.66,22.98,5.92,7,4.5
2025-05-07,Quarta,Tarde,Drive-Thru,85,2536.4,29.84,4.01,7,4.6
2025-05-07,Quarta,Tarde,Delivery/App,30,1331.4,44.38,10.57,7,4.6
2025-05-07,Quarta,Noite,Salão,36,1128.24,31.34,7.13,8,4.4
2025-05-07,Quarta,Noite,Drive-Thru,92,2656.96,28.88,3.71,8,4.7
2025-05-07,Quarta,Noite,Delivery/App,38,1191.3,31.35,10.85,8,4.9
2025-05-08,Quinta,Manhã,Salão,20,543.2,27.16,5.72,6,4.6
2025-05-08,Quinta,Manhã,Drive-Thru,46,1117.8,24.3,2.78,6,4.4
2025-05-08,Quinta,Manhã,Delivery/App,11,423.83,38.53,10.26,6,4.8
2025-05-08,Quinta,Tarde,Salão,46,1399.78,30.43,5.54,9,4.4
2025-05-08,Quinta,Tarde,Drive-Thru,77,2770.46,35.98,3.03,9,4.9
2025-05-08,Quinta,Tarde,Delivery/App,29,1287.02,44.38,10.37,9,4.5
2025-05-08,Quinta,Noite,Salão,42,1125.6,26.8,6.33,8,4.7
2025-05-08,Quinta,Noite,Drive-Thru,96,3337.92,34.77,4.28,8,4.4
2025-05-08,Quinta,Noite,Delivery/App,38,1629.44,42.88,11.72,8,4.8
2025-05-09,Sexta,Manhã,Salão,44,1308.56,29.74,6.58,6,4.5
2025-05-09,Sexta,Manhã,Drive-Thru,60,2111.4,35.19,3.75,6,4.6
2025-05-09,Sexta,Manhã,Delivery/App,16,597.6,37.35,10.23,6,4.4
2025-05-09,Sexta,Tarde,Salão,69,1934.76,28.04,6.19,7,4.9
2025-05-09,Sexta,Tarde,Drive-Thru,123,3206.61,26.07,3.38,7,4.7
2025-05-09,Sexta,Tarde,Delivery/App,43,1398.36,32.52,11.33,7,4.7
2025-05-09,Sexta,Noite,Salão,46,1455.44,31.64,5.97,13,4.0
2025-05-09,Sexta,Noite,Drive-Thru,133,4394.32,33.04,3.2,13,4.5
2025-05-09,Sexta,Noite,Delivery/App,43,1577.67,36.69,11.28,13,4.8
2025-05-10,Sábado,Manhã,Salão,33,732.27,22.19,6.17,5,4.5
2025-05-10,Sábado,Manhã,Drive-Thru,64,1610.24,25.16,3.79,5,4.3
2025-05-10,Sábado,Manhã,Delivery/App,14,590.94,42.21,10.21,5,4.8
2025-05-10,Sábado,Tarde,Salão,61,1673.84,27.44,5.63,10,4.7
2025-05-10,Sábado,Tarde,Drive-Thru,133,3318.35,24.95,3.34,10,4.3
2025-05-10,Sábado,Tarde,Delivery/App,32,1231.04,38.47,10.1,10,5.0
2025-05-10,Sábado,Noite,Salão,58,1617.04,27.88,5.98,13,4.7
2025-05-10,Sábado,Noite,Drive-Thru,105,3139.5,29.9,2.57,13,4.4
2025-05-10,Sábado,Noite,Delivery/App,51,2177.7,42.7,10.54,13,4.7
2025-05-11,Domingo,Manhã,Salão,33,1034.22,31.34,5.94,6,4.5
2025-05-11,Domingo,Manhã,Drive-Thru,53,1406.09,26.53,3.55,6,4.6
2025-05-11,Domingo,Manhã,Delivery/App,15,521.7,34.78,10.21,6,4.3
2025-05-11,Domingo,Tarde,Salão,79,2209.63,27.97,6.88,6,4.3
2025-05-11,Domingo,Tarde,Drive-Thru,121,3248.85,26.85,3.67,6,4.2
2025-05-11,Domingo,Tarde,Delivery/App,38,1579.28,41.56,10.94,6,5.0
2025-05-11,Domingo,Noite,Salão,49,1560.65,31.85,6.56,9,4.3
2025-05-11,Domingo,Noite,Drive-Thru,127,3477.26,27.38,3.76,9,4.3
2025-05-11,Domingo,Noite,Delivery/App,45,1439.1,31.98,11.74,9,4.9
2025-05-12,Segunda,Manhã,Salão,27,893.16,33.08,5.01,6,4.7
2025-05-12,Segunda,Manhã,Drive-Thru,51,1829.37,35.87,3.74,6,4.7
2025-05-12,Segunda,Manhã,Delivery/App,10,308.3,30.83,10.07,6,4.9
2025-05-12,Segunda,Tarde,Salão,48,1272.48,26.51,5.52,8,4.7
2025-05-12,Segunda,Tarde,Drive-Thru,104,2592.72,24.93,3.76,8,4.5
2025-05-12,Segunda,Tarde,Delivery/App,32,1198.72,37.46,11.15,8,4.4
2025-05-12,Segunda,Noite,Salão,39,913.38,23.42,5.6,12,4.8
2025-05-12,Segunda,Noite,Drive-Thru,96,3448.32,35.92,2.91,12,4.8
2025-05-12,Segunda,Noite,Delivery/App,31,1015.87,32.77,11.2,12,5.0
2025-05-13,Terça,Manhã,Salão,23,736.69,32.03,5.77,6,4.5
2025-05-13,Terça,Manhã,Drive-Thru,41,1106.59,26.99,2.55,6,4.5
2025-05-13,Terça,Manhã,Delivery/App,8,366.32,45.79,9.83,6,4.6
2025-05-13,Terça,Tarde,Salão,48,1537.92,32.04,7.36,6,4.7
2025-05-13,Terça,Tarde,Drive-Thru,74,1951.38,26.37,3.67,6,4.8
2025-05-13,Terça,Tarde,Delivery/App,22,733.92,33.36,10.75,6,4.8
2025-05-13,Terça,Noite,Salão,43,1277.53,29.71,5.78,10,4.5
2025-05-13,Terça,Noite,Drive-Thru,103,2772.76,26.92,3.23,10,4.8
2025-05-13,Terça,Noite,Delivery/App,36,1311.84,36.44,11.4,10,4.7
2025-05-14,Quarta,Manhã,Salão,27,842.67,31.21,5.69,6,4.7
2025-05-14,Quarta,Manhã,Drive-Thru,52,1673.36,32.18,2.98,6,4.7
2025-05-14,Quarta,Manhã,Delivery/App,13,440.7,33.9,10.26,6,4.2
2025-05-14,Quarta,Tarde,Salão,53,1615.97,30.49,5.86,7,4.5
2025-05-14,Quarta,Tarde,Drive-Thru,75,1895.25,25.27,3.07,7,4.7
2025-05-14,Quarta,Tarde,Delivery/App,33,1471.14,44.58,10.36,7,4.4
2025-05-14,Quarta,Noite,Salão,42,1413.72,33.66,6.06,9,4.5
2025-05-14,Quarta,Noite,Drive-Thru,76,2431.24,31.99,2.84,9,4.6
2025-05-14,Quarta,Noite,Delivery/App,33,1375.11,41.67,10.6,9,4.8
2025-05-15,Quinta,Manhã,Salão,27,827.28,30.64,5.8,4,4.5
2025-05-15,Quinta,Manhã,Drive-Thru,41,1069.69,26.09,3.84,4,4.1
2025-05-15,Quinta,Manhã,Delivery/App,14,607.32,43.38,11.0,4,4.4
2025-05-15,Quinta,Tarde,Salão,49,1190.21,24.29,6.2,8,4.6
2025-05-15,Quinta,Tarde,Drive-Thru,95,3352.55,35.29,3.31,8,4.9
2025-05-15,Quinta,Tarde,Delivery/App,33,1228.92,37.24,11.19,8,4.8
2025-05-15,Quinta,Noite,Salão,39,1244.88,31.92,6.51,8,4.9
2025-05-15,Quinta,Noite,Drive-Thru,102,3321.12,32.56,3.82,8,4.3
2025-05-15,Quinta,Noite,Delivery/App,35,1591.45,45.47,12.27,8,4.3
2025-05-16,Sexta,Manhã,Salão,34,1136.28,33.42,6.04,7,4.5
2025-05-16,Sexta,Manhã,Drive-Thru,60,1500.0,25.0,3.53,7,4.3
2025-05-16,Sexta,Manhã,Delivery/App,18,765.54,42.53,10.01,7,4.0
2025-05-16,Sexta,Tarde,Salão,61,1617.11,26.51,5.3,7,4.8
2025-05-16,Sexta,Tarde,Drive-Thru,86,2899.06,33.71,3.66,7,4.1
2025-05-16,Sexta,Tarde,Delivery/App,33,1136.52,34.44,11.46,7,4.6
2025-05-16,Sexta,Noite,Salão,57,1696.89,29.77,5.89,13,4.6
2025-05-16,Sexta,Noite,Drive-Thru,179,5067.49,28.31,3.68,13,4.6
2025-05-16,Sexta,Noite,Delivery/App,51,1910.97,37.47,11.5,13,5.0
2025-05-17,Sábado,Manhã,Salão,38,912.76,24.02,5.62,6,4.6
2025-05-17,Sábado,Manhã,Drive-Thru,52,1426.88,27.44,3.54,6,4.3
2025-05-17,Sábado,Manhã,Delivery/App,18,660.24,36.68,10.65,6,4.5
2025-05-17,Sábado,Tarde,Salão,66,1664.52,25.22,5.93,8,4.9
2025-05-17,Sábado,Tarde,Drive-Thru,126,4415.04,35.04,3.61,8,4.4
2025-05-17,Sábado,Tarde,Delivery/App,35,1525.3,43.58,11.04,8,4.8
2025-05-17,Sábado,Noite,Salão,43,1030.71,23.97,6.06,13,4.9
2025-05-17,Sábado,Noite,Drive-Thru,132,4220.04,31.97,3.34,13,4.6
2025-05-17,Sábado,Noite,Delivery/App,50,1924.0,38.48,11.72,13,5.0
2025-05-18,Domingo,Manhã,Salão,31,958.21,30.91,5.84,7,4.2
2025-05-18,Domingo,Manhã,Drive-Thru,61,2013.0,33.0,2.89,7,4.6
2025-05-18,Domingo,Manhã,Delivery/App,13,458.51,35.27,10.5,7,4.5
2025-05-18,Domingo,Tarde,Salão,72,2413.44,33.52,6.65,8,4.6
2025-05-18,Domingo,Tarde,Drive-Thru,148,3593.44,24.28,3.13,8,4.5
2025-05-18,Domingo,Tarde,Delivery/App,35,1164.8,33.28,11.27,8,4.5
2025-05-18,Domingo,Noite,Salão,54,1664.28,30.82,6.15,9,4.8
2025-05-18,Domingo,Noite,Drive-Thru,146,3683.58,25.23,3.12,9,4.5
2025-05-18,Domingo,Noite,Delivery/App,57,2425.35,42.55,11.54,9,4.6
2025-05-19,Segunda,Manhã,Salão,30,862.5,28.75,5.8,6,4.4
2025-05-19,Segunda,Manhã,Drive-Thru,47,1198.97,25.51,2.48,6,4.7
2025-05-19,Segunda,Manhã,Delivery/App,12,463.56,38.63,9.98,6,4.6
2025-05-19,Segunda,Tarde,Salão,54,1545.48,28.62,5.17,8,4.6
2025-05-19,Segunda,Tarde,Drive-Thru,72,1763.28,24.49,3.94,8,4.3
2025-05-19,Segunda,Tarde,Delivery/App,25,1024.5,40.98,10.48,8,4.7
2025-05-19,Segunda,Noite,Salão,39,1230.84,31.56,5.44,10,5.0
2025-05-19,Segunda,Noite,Drive-Thru,105,3470.25,33.05,3.7,10,5.0
2025-05-19,Segunda,Noite,Delivery/App,39,1563.12,40.08,11.99,10,4.4
2025-05-20,Terça,Manhã,Salão,20,486.8,24.34,5.79,6,4.6
2025-05-20,Terça,Manhã,Drive-Thru,39,1270.62,32.58,2.31,6,4.4
2025-05-20,Terça,Manhã,Delivery/App,13,475.41,36.57,10.07,6,4.4
2025-05-20,Terça,Tarde,Salão,52,1745.12,33.56,5.71,6,4.7
2025-05-20,Terça,Tarde,Drive-Thru,88,2999.92,34.09,3.71,6,4.5
2025-05-20,Terça,Tarde,Delivery/App,30,1034.1,34.47,10.5,6,4.8
2025-05-20,Terça,Noite,Salão,40,1286.0,32.15,6.37,8,4.9
2025-05-20,Terça,Noite,Drive-Thru,104,3403.92,32.73,3.53,8,4.5
2025-05-20,Terça,Noite,Delivery/App,33,1408.44,42.68,11.65,8,4.9
2025-05-21,Quarta,Manhã,Salão,24,561.36,23.39,6.14,4,4.3
2025-05-21,Quarta,Manhã,Drive-Thru,42,1474.2,35.1,3.41,4,4.8
2025-05-21,Quarta,Manhã,Delivery/App,12,479.64,39.97,10.34,4,4.6
2025-05-21,Quarta,Tarde,Salão,54,1361.88,25.22,5.25,10,4.7
2025-05-21,Quarta,Tarde,Drive-Thru,89,2289.97,25.73,4.25,10,4.1
2025-05-21,Quarta,Tarde,Delivery/App,26,997.1,38.35,10.47,10,4.7
2025-05-21,Quarta,Noite,Salão,44,1281.28,29.12,6.12,9,4.3
2025-05-21,Quarta,Noite,Drive-Thru,117,3758.04,32.12,3.84,9,4.5
2025-05-21,Quarta,Noite,Delivery/App,37,1312.02,35.46,11.41,9,4.7
2025-05-22,Quinta,Manhã,Salão,30,688.2,22.94,6.25,4,4.6
2025-05-22,Quinta,Manhã,Drive-Thru,42,1294.86,30.83,2.85,4,4.5
2025-05-22,Quinta,Manhã,Delivery/App,12,488.52,40.71,10.13,4,4.1
2025-05-22,Quinta,Tarde,Salão,45,1182.15,26.27,5.75,6,4.7
2025-05-22,Quinta,Tarde,Drive-Thru,78,2448.42,31.39,2.63,6,4.6
2025-05-22,Quinta,Tarde,Delivery/App,29,1077.06,37.14,11.25,6,4.7
2025-05-22,Quinta,Noite,Salão,41,1157.84,28.24,5.39,10,4.7
2025-05-22,Quinta,Noite,Drive-Thru,90,2253.6,25.04,3.55,10,4.5
2025-05-22,Quinta,Noite,Delivery/App,36,1467.72,40.77,12.39,10,4.6
2025-05-23,Sexta,Manhã,Salão,29,744.43,25.67,5.91,4,5.0
2025-05-23,Sexta,Manhã,Drive-Thru,65,2167.75,33.35,3.57,4,4.5
2025-05-23,Sexta,Manhã,Delivery/App,19,703.19,37.01,10.48,4,4.6
2025-05-23,Sexta,Tarde,Salão,80,2669.6,33.37,5.73,11,4.5
2025-05-23,Sexta,Tarde,Drive-Thru,97,2801.36,28.88,3.24,11,4.4
2025-05-23,Sexta,Tarde,Delivery/App,42,1664.46,39.63,10.48,11,4.7
2025-05-23,Sexta,Noite,Salão,61,1480.47,24.27,5.69,12,4.7
2025-05-23,Sexta,Noite,Drive-Thru,147,3877.86,26.38,2.56,12,4.5
2025-05-23,Sexta,Noite,Delivery/App,59,2262.06,38.34,11.03,12,4.8
2025-05-24,Sábado,Manhã,Salão,41,1072.56,26.16,6.22,6,4.6
2025-05-24,Sábado,Manhã,Drive-Thru,56,1844.08,32.93,3.76,6,4.7
2025-05-24,Sábado,Manhã,Delivery/App,15,509.1,33.94,10.44,6,4.7
2025-05-24,Sábado,Tarde,Salão,87,2157.6,24.8,6.44,8,4.5
2025-05-24,Sábado,Tarde,Drive-Thru,129,4170.57,32.33,3.9,8,4.1
2025-05-24,Sábado,Tarde,Delivery/App,42,1799.7,42.85,10.72,8,5.0
2025-05-24,Sábado,Noite,Salão,58,1523.66,26.27,6.08,10,4.8
2025-05-24,Sábado,Noite,Drive-Thru,157,4482.35,28.55,3.92,10,4.5
2025-05-24,Sábado,Noite,Delivery/App,37,1594.33,43.09,11.62,10,4.8
2025-05-25,Domingo,Manhã,Salão,38,1211.44,31.88,5.87,4,4.5
2025-05-25,Domingo,Manhã,Drive-Thru,70,1754.9,25.07,3.18,4,4.5
2025-05-25,Domingo,Manhã,Delivery/App,18,561.78,31.21,10.45,4,4.5
2025-05-25,Domingo,Tarde,Salão,79,2483.76,31.44,6.36,7,4.5
2025-05-25,Domingo,Tarde,Drive-Thru,117,2813.85,24.05,4.19,7,4.5
2025-05-25,Domingo,Tarde,Delivery/App,38,1234.24,32.48,11.71,7,4.7
2025-05-25,Domingo,Noite,Salão,54,1280.34,23.71,6.2,13,4.8
2025-05-25,Domingo,Noite,Drive-Thru,142,4497.14,31.67,3.38,13,4.8
2025-05-25,Domingo,Noite,Delivery/App,47,1972.12,41.96,11.7,13,4.6
2025-05-26,Segunda,Manhã,Salão,22,506.88,23.04,5.68,6,4.8
2025-05-26,Segunda,Manhã,Drive-Thru,42,1090.74,25.97,2.91,6,4.8
2025-05-26,Segunda,Manhã,Delivery/App,11,489.39,44.49,9.96,6,4.8
2025-05-26,Segunda,Tarde,Salão,53,1270.94,23.98,5.95,10,4.3
2025-05-26,Segunda,Tarde,Drive-Thru,81,2660.04,32.84,3.13,10,4.6
2025-05-26,Segunda,Tarde,Delivery/App,28,1055.88,37.71,10.36,10,4.3
2025-05-26,Segunda,Noite,Salão,41,1098.8,26.8,5.84,12,4.9
2025-05-26,Segunda,Noite,Drive-Thru,77,1963.5,25.5,2.56,12,4.8
2025-05-26,Segunda,Noite,Delivery/App,33,1127.28,34.16,11.07,12,4.6
2025-05-27,Terça,Manhã,Salão,25,680.0,27.2,5.2,5,4.8
2025-05-27,Terça,Manhã,Drive-Thru,50,1456.0,29.12,2.87,5,4.4
2025-05-27,Terça,Manhã,Delivery/App,10,337.7,33.77,10.17,5,4.5
2025-05-27,Terça,Tarde,Salão,63,2090.97,33.19,6.46,7,4.7
2025-05-27,Terça,Tarde,Drive-Thru,76,2701.8,35.55,3.46,7,4.8
2025-05-27,Terça,Tarde,Delivery/App,27,977.4,36.2,11.16,7,4.5
2025-05-27,Terça,Noite,Salão,39,1147.77,29.43,5.32,12,4.5
2025-05-27,Terça,Noite,Drive-Thru,72,2245.68,31.19,3.34,12,4.4
2025-05-27,Terça,Noite,Delivery/App,38,1525.32,40.14,11.2,12,4.3
2025-05-28,Quarta,Manhã,Salão,26,670.28,25.78,5.64,4,4.5
2025-05-28,Quarta,Manhã,Drive-Thru,43,1409.97,32.79,2.78,4,4.4
2025-05-28,Quarta,Manhã,Delivery/App,10,345.6,34.56,9.82,4,4.6
2025-05-28,Quarta,Tarde,Salão,57,1394.79,24.47,5.78,7,4.5
2025-05-28,Quarta,Tarde,Drive-Thru,66,2331.12,35.32,2.97,7,4.6
2025-05-28,Quarta,Tarde,Delivery/App,18,799.38,44.41,11.1,7,4.6
2025-05-28,Quarta,Noite,Salão,44,1223.2,27.8,6.31,9,4.9
2025-05-28,Quarta,Noite,Drive-Thru,121,4151.51,34.31,3.58,9,4.9
2025-05-28,Quarta,Noite,Delivery/App,38,1605.12,42.24,11.22,9,4.5
2025-05-29,Quinta,Manhã,Salão,25,674.75,26.99,6.27,5,4.4
2025-05-29,Quinta,Manhã,Drive-Thru,41,1068.87,26.07,3.55,5,4.5
2025-05-29,Quinta,Manhã,Delivery/App,10,449.5,44.95,10.91,5,4.9
2025-05-29,Quinta,Tarde,Salão,58,1732.46,29.87,5.06,10,4.6
2025-05-29,Quinta,Tarde,Drive-Thru,95,3025.75,31.85,3.29,10,4.4
2025-05-29,Quinta,Tarde,Delivery/App,29,894.94,30.86,10.32,10,4.7
2025-05-29,Quinta,Noite,Salão,41,1054.52,25.72,6.55,11,4.7
2025-05-29,Quinta,Noite,Drive-Thru,101,3240.08,32.08,3.27,11,4.5
2025-05-29,Quinta,Noite,Delivery/App,33,1110.78,33.66,11.52,11,4.6
2025-05-30,Sexta,Manhã,Salão,41,1305.03,31.83,6.28,6,4.1
2025-05-30,Sexta,Manhã,Drive-Thru,71,2518.37,35.47,3.91,6,4.0
2025-05-30,Sexta,Manhã,Delivery/App,18,814.68,45.26,9.9,6,4.8
2025-05-30,Sexta,Tarde,Salão,66,1609.74,24.39,7.18,6,4.3
2025-05-30,Sexta,Tarde,Drive-Thru,120,3475.2,28.96,3.02,6,5.0
2025-05-30,Sexta,Tarde,Delivery/App,42,1778.28,42.34,11.66,6,4.7
2025-05-30,Sexta,Noite,Salão,56,1549.52,27.67,6.24,9,4.9
2025-05-30,Sexta,Noite,Drive-Thru,137,3862.03,28.19,3.93,9,4.4
2025-05-30,Sexta,Noite,Delivery/App,51,2261.34,44.34,11.55,9,4.2
2025-05-31,Sábado,Manhã,Salão,32,958.08,29.94,6.23,5,4.2
2025-05-31,Sábado,Manhã,Drive-Thru,52,1678.56,32.28,2.76,5,4.4
2025-05-31,Sábado,Manhã,Delivery/App,14,423.5,30.25,10.72,5,4.6
2025-05-31,Sábado,Tarde,Salão,60,1346.4,22.44,5.88,8,4.7
2025-05-31,Sábado,Tarde,Drive-Thru,106,3636.86,34.31,3.94,8,4.4
2025-05-31,Sábado,Tarde,Delivery/App,46,1436.12,31.22,11.53,8,4.8
2025-05-31,Sábado,Noite,Salão,47,1364.41,29.03,6.09,13,4.4
2025-05-31,Sábado,Noite,Drive-Thru,166,5648.98,34.03,3.2,13,4.3
2025-05-31,Sábado,Noite,Delivery/App,60,2552.4,42.54,11.72,13,5.0
2025-06-01,Domingo,Manhã,Salão,27,824.58,30.54,6.28,6,4.4
2025-06-01,Domingo,Manhã,Drive-Thru,65,1813.5,27.9,3.4,6,4.5
2025-06-01,Domingo,Manhã,Delivery/App,16,557.12,34.82,10.43,6,4.5
2025-06-01,Domingo,Tarde,Salão,79,2277.57,28.83,6.44,7,4.6
2025-06-01,Domingo,Tarde,Drive-Thru,95,2133.7,22.46,3.08,7,4.6
2025-06-01,Domingo,Tarde,Delivery/App,33,1121.01,33.97,10.66,7,4.5
2025-06-01,Domingo,Noite,Salão,52,1157.52,22.26,7.14,9,4.7
2025-06-01,Domingo,Noite,Drive-Thru,145,3739.55,25.79,3.97,9,4.5
2025-06-01,Domingo,Noite,Delivery/App,53,1840.69,34.73,12.48,9,4.9
2025-06-02,Segunda,Manhã,Salão,28,706.44,25.23,5.68,6,4.6
2025-06-02,Segunda,Manhã,Drive-Thru,41,1050.01,25.61,3.28,6,4.8
2025-06-02,Segunda,Manhã,Delivery/App,11,411.18,37.38,9.31,6,4.8
2025-06-02,Segunda,Tarde,Salão,47,1324.93,28.19,5.6,9,4.8
2025-06-02,Segunda,Tarde,Drive-Thru,81,2600.91,32.11,2.62,9,4.8
2025-06-02,Segunda,Tarde,Delivery/App,32,1310.72,40.96,10.82,9,4.4
2025-06-02,Segunda,Noite,Salão,35,735.7,21.02,4.95,10,4.6
2025-06-02,Segunda,Noite,Drive-Thru,77,2503.27,32.51,3.11,10,4.3
2025-06-02,Segunda,Noite,Delivery/App,29,1008.04,34.76,11.64,10,4.8
2025-06-03,Terça,Manhã,Salão,24,746.4,31.1,6.27,4,4.7
2025-06-03,Terça,Manhã,Drive-Thru,40,1135.6,28.39,4.23,4,4.5
2025-06-03,Terça,Manhã,Delivery/App,10,368.2,36.82,10.36,4,4.8
2025-06-03,Terça,Tarde,Salão,55,1176.45,21.39,5.84,10,4.8
2025-06-03,Terça,Tarde,Drive-Thru,75,2085.0,27.8,2.21,10,4.7
2025-06-03,Terça,Tarde,Delivery/App,31,1043.15,33.65,10.84,10,4.9
2025-06-03,Terça,Noite,Salão,42,1133.58,26.99,6.0,8,4.7
2025-06-03,Terça,Noite,Drive-Thru,81,2597.67,32.07,3.94,8,4.5
2025-06-03,Terça,Noite,Delivery/App,37,1461.13,39.49,11.58,8,4.6
2025-06-04,Quarta,Manhã,Salão,23,524.86,22.82,5.31,4,4.9
2025-06-04,Quarta,Manhã,Drive-Thru,40,1223.6,30.59,2.69,4,4.9
2025-06-04,Quarta,Manhã,Delivery/App,14,501.76,35.84,10.57,4,4.8
2025-06-04,Quarta,Tarde,Salão,27,787.86,29.18,5.14,10,4.8
2025-06-04,Quarta,Tarde,Drive-Thru,78,1950.78,25.01,2.39,10,4.9
2025-06-04,Quarta,Tarde,Delivery/App,30,1214.4,40.48,10.56,10,4.3
2025-06-04,Quarta,Noite,Salão,43,1087.04,25.28,5.9,10,4.6
2025-06-04,Quarta,Noite,Drive-Thru,82,2271.4,27.7,3.4,10,4.4
2025-06-04,Quarta,Noite,Delivery/App,40,1656.0,41.4,11.85,10,4.5
2025-06-05,Quinta,Manhã,Salão,22,680.46,30.93,6.13,4,4.4
2025-06-05,Quinta,Manhã,Drive-Thru,54,1396.98,25.87,4.16,4,4.3
2025-06-05,Quinta,Manhã,Delivery/App,11,427.46,38.86,10.64,4,4.5
2025-06-05,Quinta,Tarde,Salão,60,1789.8,29.83,5.6,9,4.5
2025-06-05,Quinta,Tarde,Drive-Thru,99,3081.87,31.13,2.58,9,4.8
2025-06-05,Quinta,Tarde,Delivery/App,27,1088.1,40.3,10.54,9,4.7
2025-06-05,Quinta,Noite,Salão,36,903.6,25.1,5.16,12,5.0
2025-06-05,Quinta,Noite,Drive-Thru,83,2581.3,31.1,3.41,12,4.3
2025-06-05,Quinta,Noite,Delivery/App,29,1118.24,38.56,10.35,12,4.4
2025-06-06,Sexta,Manhã,Salão,32,800.0,25.0,5.74,5,4.5
2025-06-06,Sexta,Manhã,Drive-Thru,58,1347.34,23.23,3.5,5,4.7
2025-06-06,Sexta,Manhã,Delivery/App,15,618.9,41.26,10.55,5,4.5
2025-06-06,Sexta,Tarde,Salão,69,2129.34,30.86,5.64,9,4.7
2025-06-06,Sexta,Tarde,Drive-Thru,123,3932.31,31.97,4.18,9,4.3
2025-06-06,Sexta,Tarde,Delivery/App,41,1714.62,41.82,11.18,9,4.8
2025-06-06,Sexta,Noite,Salão,57,1173.06,20.58,5.88,11,4.7
2025-06-06,Sexta,Noite,Drive-Thru,129,3280.47,25.43,3.18,11,4.6
2025-06-06,Sexta,Noite,Delivery/App,41,1704.37,41.57,12.29,11,4.6
2025-06-07,Sábado,Manhã,Salão,25,563.25,22.53,6.19,4,4.7
2025-06-07,Sábado,Manhã,Drive-Thru,49,1134.84,23.16,3.79,4,4.8
2025-06-07,Sábado,Manhã,Delivery/App,19,577.03,30.37,11.32,4,4.4
2025-06-07,Sábado,Tarde,Salão,76,2190.32,28.82,6.88,6,4.9
2025-06-07,Sábado,Tarde,Drive-Thru,119,2645.37,22.23,3.98,6,4.4
2025-06-07,Sábado,Tarde,Delivery/App,38,1443.62,37.99,11.03,6,4.4
2025-06-07,Sábado,Noite,Salão,45,1332.9,29.62,4.75,13,4.7
2025-06-07,Sábado,Noite,Drive-Thru,161,3891.37,24.17,3.22,13,4.7
2025-06-07,Sábado,Noite,Delivery/App,48,1772.16,36.92,11.41,13,4.5
2025-06-08,Domingo,Manhã,Salão,32,790.08,24.69,5.79,4,4.4
2025-06-08,Domingo,Manhã,Drive-Thru,59,1583.56,26.84,4.37,4,4.6
2025-06-08,Domingo,Manhã,Delivery/App,14,587.44,41.96,10.44,4,4.4
2025-06-08,Domingo,Tarde,Salão,51,1364.25,26.75,6.06,11,4.7
2025-06-08,Domingo,Tarde,Drive-Thru,105,2339.4,22.28,3.13,11,4.4
2025-06-08,Domingo,Tarde,Delivery/App,40,1472.4,36.81,10.62,11,4.4
2025-06-08,Domingo,Noite,Salão,55,1702.8,30.96,5.23,14,4.8
2025-06-08,Domingo,Noite,Drive-Thru,104,2783.04,26.76,2.16,14,4.7
2025-06-08,Domingo,Noite,Delivery/App,44,1566.4,35.6,11.63,14,4.5
2025-06-09,Segunda,Manhã,Salão,22,594.88,27.04,5.2,5,4.6
2025-06-09,Segunda,Manhã,Drive-Thru,37,1043.4,28.2,3.36,5,4.9
2025-06-09,Segunda,Manhã,Delivery/App,11,312.51,28.41,10.39,5,4.7
2025-06-09,Segunda,Tarde,Salão,39,879.84,22.56,5.95,6,4.5
2025-06-09,Segunda,Tarde,Drive-Thru,74,1862.58,25.17,3.71,6,4.4
2025-06-09,Segunda,Tarde,Delivery/App,22,836.44,38.02,11.51,6,4.2
2025-06-09,Segunda,Noite,Salão,39,1148.16,29.44,5.78,12,4.7
2025-06-09,Segunda,Noite,Drive-Thru,111,3060.27,27.57,2.97,12,4.6
2025-06-09,Segunda,Noite,Delivery/App,31,1304.48,42.08,11.15,12,4.7
2025-06-10,Terça,Manhã,Salão,17,515.61,30.33,5.47,5,4.3
2025-06-10,Terça,Manhã,Drive-Thru,35,920.85,26.31,3.35,5,4.8
2025-06-10,Terça,Manhã,Delivery/App,9,356.76,39.64,10.58,5,4.0
2025-06-10,Terça,Tarde,Salão,49,1453.83,29.67,5.59,10,4.4
2025-06-10,Terça,Tarde,Drive-Thru,81,1860.57,22.97,3.0,10,4.5
2025-06-10,Terça,Tarde,Delivery/App,29,1175.08,40.52,10.74,10,4.8
2025-06-10,Terça,Noite,Salão,41,1075.43,26.23,5.48,11,4.8
2025-06-10,Terça,Noite,Drive-Thru,78,2537.34,32.53,2.39,11,4.6
2025-06-10,Terça,Noite,Delivery/App,36,1437.12,39.92,11.48,11,4.7
2025-06-11,Quarta,Manhã,Salão,21,503.37,23.97,6.35,5,4.6
2025-06-11,Quarta,Manhã,Drive-Thru,39,1171.56,30.04,3.65,5,4.6
2025-06-11,Quarta,Manhã,Delivery/App,11,454.41,41.31,10.52,5,4.7
2025-06-11,Quarta,Tarde,Salão,59,1362.9,23.1,6.39,7,4.6
2025-06-11,Quarta,Tarde,Drive-Thru,65,2038.4,31.36,3.75,7,4.7
2025-06-11,Quarta,Tarde,Delivery/App,23,767.97,33.39,10.21,7,4.7
2025-06-11,Quarta,Noite,Salão,38,1172.3,30.85,5.54,9,4.7
2025-06-11,Quarta,Noite,Drive-Thru,92,2138.08,23.24,3.72,9,4.6
2025-06-11,Quarta,Noite,Delivery/App,44,1768.36,40.19,11.19,9,4.7
2025-06-12,Quinta,Manhã,Salão,23,599.84,26.08,5.35,4,4.7
2025-06-12,Quinta,Manhã,Drive-Thru,46,1352.86,29.41,3.6,4,4.4
2025-06-12,Quinta,Manhã,Delivery/App,12,493.68,41.14,10.45,4,4.5
2025-06-12,Quinta,Tarde,Salão,45,1219.95,27.11,5.23,9,4.9
2025-06-12,Quinta,Tarde,Drive-Thru,67,2169.46,32.38,2.89,9,5.0
2025-06-12,Quinta,Tarde,Delivery/App,26,998.66,38.41,11.22,9,4.4
2025-06-12,Quinta,Noite,Salão,38,1052.22,27.69,5.91,8,5.0
2025-06-12,Quinta,Noite,Drive-Thru,84,2338.56,27.84,3.78,8,4.8
2025-06-12,Quinta,Noite,Delivery/App,37,1117.4,30.2,11.4,8,4.8
2025-06-13,Sexta,Manhã,Salão,32,884.48,27.64,6.16,5,4.3
2025-06-13,Sexta,Manhã,Drive-Thru,50,1277.0,25.54,3.11,5,4.3
2025-06-13,Sexta,Manhã,Delivery/App,14,478.8,34.2,10.86,5,4.3
2025-06-13,Sexta,Tarde,Salão,68,1445.68,21.26,5.66,8,4.5
2025-06-13,Sexta,Tarde,Drive-Thru,126,3729.6,29.6,3.24,8,4.6
2025-06-13,Sexta,Tarde,Delivery/App,32,1154.88,36.09,10.85,8,4.6
2025-06-13,Sexta,Noite,Salão,47,1297.67,27.61,6.11,10,4.6
2025-06-13,Sexta,Noite,Drive-Thru,114,2546.76,22.34,3.53,10,4.2
2025-06-13,Sexta,Noite,Delivery/App,41,1396.05,34.05,11.36,10,4.6
2025-06-14,Sábado,Manhã,Salão,31,862.11,27.81,5.38,6,4.6
2025-06-14,Sábado,Manhã,Drive-Thru,64,1986.56,31.04,3.2,6,4.7
2025-06-14,Sábado,Manhã,Delivery/App,16,478.4,29.9,10.12,6,4.7
2025-06-14,Sábado,Tarde,Salão,69,1777.44,25.76,5.24,10,4.5
2025-06-14,Sábado,Tarde,Drive-Thru,127,4025.9,31.7,3.75,10,4.8
2025-06-14,Sábado,Tarde,Delivery/App,33,1183.38,35.86,10.69,10,4.8
2025-06-14,Sábado,Noite,Salão,51,1196.46,23.46,6.21,12,4.7
2025-06-14,Sábado,Noite,Drive-Thru,120,2877.6,23.98,3.79,12,5.0
2025-06-14,Sábado,Noite,Delivery/App,45,1422.45,31.61,12.11,12,4.7
2025-06-15,Domingo,Manhã,Salão,27,568.08,21.04,5.86,4,4.7
2025-06-15,Domingo,Manhã,Drive-Thru,62,1833.34,29.57,3.73,4,4.9
2025-06-15,Domingo,Manhã,Delivery/App,14,457.24,32.66,10.85,4,4.8
2025-06-15,Domingo,Tarde,Salão,64,1833.6,28.65,5.38,11,4.9
2025-06-15,Domingo,Tarde,Drive-Thru,111,2491.95,22.45,2.56,11,4.6
2025-06-15,Domingo,Tarde,Delivery/App,32,1332.48,41.64,10.45,11,4.7
2025-06-15,Domingo,Noite,Salão,51,1132.2,22.2,6.13,11,4.5
2025-06-15,Domingo,Noite,Drive-Thru,146,3969.74,27.19,3.27,11,4.6
2025-06-15,Domingo,Noite,Delivery/App,47,1961.31,41.73,10.98,11,4.5
2025-06-16,Segunda,Manhã,Salão,25,563.5,22.54,5.74,6,4.5
2025-06-16,Segunda,Manhã,Drive-Thru,44,1265.0,28.75,3.34,6,4.4
2025-06-16,Segunda,Manhã,Delivery/App,10,364.2,36.42,9.3,6,4.8
2025-06-16,Segunda,Tarde,Salão,43,1307.63,30.41,5.85,7,4.4
2025-06-16,Segunda,Tarde,Drive-Thru,107,3153.29,29.47,3.98,7,4.6
2025-06-16,Segunda,Tarde,Delivery/App,28,1003.52,35.84,11.27,7,4.6
2025-06-16,Segunda,Noite,Salão,43,1004.48,23.36,6.39,12,4.4
2025-06-16,Segunda,Noite,Drive-Thru,87,2611.74,30.02,3.75,12,4.6
2025-06-16,Segunda,Noite,Delivery/App,30,975.6,32.52,10.71,12,4.8
2025-06-17,Terça,Manhã,Salão,23,702.42,30.54,5.34,4,4.8
2025-06-17,Terça,Manhã,Drive-Thru,35,886.2,25.32,3.68,4,4.7
2025-06-17,Terça,Manhã,Delivery/App,11,384.56,34.96,10.01,4,4.9
2025-06-17,Terça,Tarde,Salão,45,1234.8,27.44,4.92,10,4.6
2025-06-17,Terça,Tarde,Drive-Thru,72,1620.0,22.5,2.67,10,4.6
2025-06-17,Terça,Tarde,Delivery/App,27,1084.86,40.18,10.3,10,4.7
2025-06-17,Terça,Noite,Salão,33,881.76,26.72,6.24,12,4.9
2025-06-17,Terça,Noite,Drive-Thru,92,2999.2,32.6,2.78,12,5.0
2025-06-17,Terça,Noite,Delivery/App,34,1217.2,35.8,11.13,12,4.4
2025-06-18,Quarta,Manhã,Salão,21,613.62,29.22,5.75,4,4.6
2025-06-18,Quarta,Manhã,Drive-Thru,40,1175.6,29.39,3.34,4,4.8
2025-06-18,Quarta,Manhã,Delivery/App,9,345.15,38.35,10.1,4,4.7
2025-06-18,Quarta,Tarde,Salão,43,1161.86,27.02,5.46,10,4.9
2025-06-18,Quarta,Tarde,Drive-Thru,91,2802.8,30.8,2.66,10,4.7
2025-06-18,Quarta,Tarde,Delivery/App,20,676.0,33.8,9.81,10,4.6
2025-06-18,Quarta,Noite,Salão,37,867.28,23.44,6.69,8,4.6
2025-06-18,Quarta,Noite,Drive-Thru,87,2307.24,26.52,3.14,8,4.6
2025-06-18,Quarta,Noite,Delivery/App,34,1087.32,31.98,11.82,8,4.9
2025-06-19,Quinta,Manhã,Salão,25,765.5,30.62,5.69,6,4.8
2025-06-19,Quinta,Manhã,Drive-Thru,53,1396.55,26.35,3.49,6,4.5
2025-06-19,Quinta,Manhã,Delivery/App,11,312.4,28.4,10.96,6,4.1
2025-06-19,Quinta,Tarde,Salão,46,1302.72,28.32,6.79,9,4.6
2025-06-19,Quinta,Tarde,Drive-Thru,79,2164.6,27.4,3.66,9,4.6
2025-06-19,Quinta,Tarde,Delivery/App,25,950.5,38.02,10.56,9,4.8
2025-06-19,Quinta,Noite,Salão,37,912.05,24.65,5.61,8,4.4
2025-06-19,Quinta,Noite,Drive-Thru,102,3106.92,30.46,3.42,8,4.5
2025-06-19,Quinta,Noite,Delivery/App,33,1061.28,32.16,12.17,8,4.5
2025-06-20,Sexta,Manhã,Salão,36,900.36,25.01,5.96,8,4.7
2025-06-20,Sexta,Manhã,Drive-Thru,69,2109.33,30.57,2.64,8,4.1
2025-06-20,Sexta,Manhã,Delivery/App,13,442.26,34.02,10.02,8,4.4
2025-06-20,Sexta,Tarde,Salão,55,1177.55,21.41,5.6,8,4.7
2025-06-20,Sexta,Tarde,Drive-Thru,112,2873.92,25.66,3.35,8,4.4
2025-06-20,Sexta,Tarde,Delivery/App,35,1146.95,32.77,11.03,8,4.5
2025-06-20,Sexta,Noite,Salão,49,1068.2,21.8,6.05,8,4.9
2025-06-20,Sexta,Noite,Drive-Thru,133,4305.21,32.37,3.95,8,4.5
2025-06-20,Sexta,Noite,Delivery/App,56,2231.04,39.84,12.35,8,4.5
2025-06-21,Sábado,Manhã,Salão,35,758.1,21.66,6.15,6,4.6
2025-06-21,Sábado,Manhã,Drive-Thru,56,1396.64,24.94,3.25,6,4.5
2025-06-21,Sábado,Manhã,Delivery/App,16,538.4,33.65,10.54,6,4.8
2025-06-21,Sábado,Tarde,Salão,50,1278.5,25.57,5.34,10,4.9
2025-06-21,Sábado,Tarde,Drive-Thru,103,2613.11,25.37,2.82,10,4.8
2025-06-21,Sábado,Tarde,Delivery/App,38,1389.28,36.56,10.87,10,4.7
2025-06-21,Sábado,Noite,Salão,51,1288.77,25.27,6.3,12,4.8
2025-06-21,Sábado,Noite,Drive-Thru,93,2829.99,30.43,3.43,12,4.8
2025-06-21,Sábado,Noite,Delivery/App,39,1099.02,28.18,11.24,12,4.9
2025-06-22,Domingo,Manhã,Salão,22,518.32,23.56,5.8,6,4.4
2025-06-22,Domingo,Manhã,Drive-Thru,63,1893.78,30.06,3.13,6,4.4
2025-06-22,Domingo,Manhã,Delivery/App,17,582.93,34.29,9.7,6,4.5
2025-06-22,Domingo,Tarde,Salão,69,1987.89,28.81,5.3,9,5.0
2025-06-22,Domingo,Tarde,Drive-Thru,114,3588.72,31.48,3.51,9,4.5
2025-06-22,Domingo,Tarde,Delivery/App,39,1542.45,39.55,10.67,9,4.6
2025-06-22,Domingo,Noite,Salão,45,1262.25,28.05,6.23,9,4.8
2025-06-22,Domingo,Noite,Drive-Thru,131,3467.57,26.47,3.26,9,4.5
2025-06-22,Domingo,Noite,Delivery/App,60,2214.0,36.9,11.71,9,4.6
2025-06-23,Segunda,Manhã,Salão,22,644.6,29.3,5.61,4,4.4
2025-06-23,Segunda,Manhã,Drive-Thru,45,1027.8,22.84,3.18,4,4.3
2025-06-23,Segunda,Manhã,Delivery/App,10,357.7,35.77,10.45,4,4.9
2025-06-23,Segunda,Tarde,Salão,36,785.16,21.81,5.77,7,4.6
2025-06-23,Segunda,Tarde,Drive-Thru,79,2339.98,29.62,3.62,7,4.6
2025-06-23,Segunda,Tarde,Delivery/App,33,1385.01,41.97,10.55,7,4.8
2025-06-23,Segunda,Noite,Salão,38,940.88,24.76,5.67,11,4.8
2025-06-23,Segunda,Noite,Drive-Thru,98,2989.0,30.5,2.98,11,4.8
2025-06-23,Segunda,Noite,Delivery/App,32,1312.0,41.0,11.32,11,4.8
2025-06-24,Terça,Manhã,Salão,28,605.36,21.62,6.28,5,4.1
2025-06-24,Terça,Manhã,Drive-Thru,41,1240.25,30.25,3.62,5,4.4
2025-06-24,Terça,Manhã,Delivery/App,13,548.08,42.16,10.52,5,4.5
2025-06-24,Terça,Tarde,Salão,47,1087.58,23.14,6.59,10,4.7
2025-06-24,Terça,Tarde,Drive-Thru,70,2156.7,30.81,4.0,10,4.5
2025-06-24,Terça,Tarde,Delivery/App,24,879.84,36.66,10.13,10,5.0
2025-06-24,Terça,Noite,Salão,30,619.2,20.64,5.44,9,5.0
2025-06-24,Terça,Noite,Drive-Thru,95,2217.3,23.34,3.91,9,4.4
2025-06-24,Terça,Noite,Delivery/App,28,1049.72,37.49,11.31,9,4.7
2025-06-25,Quarta,Manhã,Salão,23,511.52,22.24,5.28,6,4.9
2025-06-25,Quarta,Manhã,Drive-Thru,49,1602.79,32.71,3.02,6,4.6
2025-06-25,Quarta,Manhã,Delivery/App,10,346.8,34.68,9.46,6,4.4
2025-06-25,Quarta,Tarde,Salão,56,1256.64,22.44,6.41,8,4.7
2025-06-25,Quarta,Tarde,Drive-Thru,69,2216.28,32.12,3.08,8,4.8
2025-06-25,Quarta,Tarde,Delivery/App,22,715.66,32.53,10.77,8,4.7
2025-06-25,Quarta,Noite,Salão,34,766.02,22.53,5.51,9,4.5
2025-06-25,Quarta,Noite,Drive-Thru,77,2190.65,28.45,3.78,9,4.7
2025-06-25,Quarta,Noite,Delivery/App,32,1060.8,33.15,11.17,9,4.9
2025-06-26,Quinta,Manhã,Salão,23,505.54,21.98,5.76,4,4.7
2025-06-26,Quinta,Manhã,Drive-Thru,39,867.75,22.25,2.54,4,4.9
2025-06-26,Quinta,Manhã,Delivery/App,15,483.15,32.21,10.72,4,4.7
2025-06-26,Quinta,Tarde,Salão,42,1223.04,29.12,5.7,7,4.5
2025-06-26,Quinta,Tarde,Drive-Thru,71,2023.5,28.5,3.21,7,4.7
2025-06-26,Quinta,Tarde,Delivery/App,20,647.4,32.37,10.77,7,4.4
2025-06-26,Quinta,Noite,Salão,42,1141.98,27.19,6.05,12,4.7
2025-06-26,Quinta,Noite,Drive-Thru,82,2423.92,29.56,2.94,12,4.6
2025-06-26,Quinta,Noite,Delivery/App,38,1169.64,30.78,10.82,12,4.9
2025-06-27,Sexta,Manhã,Salão,32,651.52,20.36,5.16,7,5.0
2025-06-27,Sexta,Manhã,Drive-Thru,55,1810.05,32.91,3.37,7,4.8
2025-06-27,Sexta,Manhã,Delivery/App,16,461.76,28.86,10.43,7,4.4
2025-06-27,Sexta,Tarde,Salão,74,2066.08,27.92,5.06,11,4.6
2025-06-27,Sexta,Tarde,Drive-Thru,105,2399.25,22.85,3.28,11,5.0
2025-06-27,Sexta,Tarde,Delivery/App,36,1217.52,33.82,11.25,11,4.5
2025-06-27,Sexta,Noite,Salão,51,1046.52,20.52,6.25,12,4.8
2025-06-27,Sexta,Noite,Drive-Thru,117,3749.85,32.05,3.3,12,4.8
2025-06-27,Sexta,Noite,Delivery/App,46,1572.28,34.18,12.01,12,4.5
2025-06-28,Sábado,Manhã,Salão,34,920.04,27.06,6.35,4,4.5
2025-06-28,Sábado,Manhã,Drive-Thru,58,1811.34,31.23,3.35,4,4.7
2025-06-28,Sábado,Manhã,Delivery/App,13,366.47,28.19,10.78,4,4.4
2025-06-28,Sábado,Tarde,Salão,60,1740.0,29.0,5.69,10,4.6
2025-06-28,Sábado,Tarde,Drive-Thru,122,3967.44,32.52,3.46,10,4.6
2025-06-28,Sábado,Tarde,Delivery/App,38,1092.88,28.76,10.99,10,4.2
2025-06-28,Sábado,Noite,Salão,55,1541.1,28.02,5.39,13,4.9
2025-06-28,Sábado,Noite,Drive-Thru,124,2890.44,23.31,2.97,13,4.4
2025-06-28,Sábado,Noite,Delivery/App,46,1539.16,33.46,10.87,13,4.6
2025-06-29,Domingo,Manhã,Salão,30,808.5,26.95,5.44,5,4.7
2025-06-29,Domingo,Manhã,Drive-Thru,61,1908.69,31.29,3.48,5,4.9
2025-06-29,Domingo,Manhã,Delivery/App,15,598.05,39.87,10.76,5,4.4
2025-06-29,Domingo,Tarde,Salão,61,1241.35,20.35,5.94,11,4.9
2025-06-29,Domingo,Tarde,Drive-Thru,121,3540.46,29.26,2.87,11,4.7
2025-06-29,Domingo,Tarde,Delivery/App,44,1608.2,36.55,10.64,11,4.3
2025-06-29,Domingo,Noite,Salão,66,1537.8,23.3,5.94,10,4.7
2025-06-29,Domingo,Noite,Drive-Thru,103,2941.68,28.56,2.94,10,5.0
2025-06-29,Domingo,Noite,Delivery/App,48,1821.6,37.95,11.67,10,4.3
2025-06-30,Segunda,Manhã,Salão,21,647.43,30.83,5.79,5,4.7
2025-06-30,Segunda,Manhã,Drive-Thru,46,1373.1,29.85,2.82,5,5.0
2025-06-30,Segunda,Manhã,Delivery/App,12,434.28,36.19,10.3,5,4.1
2025-06-30,Segunda,Tarde,Salão,58,1718.54,29.63,5.51,9,4.6
2025-06-30,Segunda,Tarde,Drive-Thru,81,2096.28,25.88,3.14,9,4.6
2025-06-30,Segunda,Tarde,Delivery/App,29,871.16,30.04,10.45,9,4.9
2025-06-30,Segunda,Noite,Salão,34,692.58,20.37,5.51,11,4.6
2025-06-30,Segunda,Noite,Drive-Thru,82,1916.34,23.37,3.01,11,4.6
2025-06-30,Segunda,Noite,Delivery/App,30,1209.0,40.3,11.37,11,4.6
2025-07-01,Terça,Manhã,Salão,23,635.49,27.63,5.64,6,4.5
2025-07-01,Terça,Manhã,Drive-Thru,43,1072.85,24.95,2.86,6,4.3
2025-07-01,Terça,Manhã,Delivery/App,12,505.2,42.1,9.72,6,4.5
2025-07-01,Terça,Tarde,Salão,43,1200.13,27.91,6.05,7,4.7
2025-07-01,Terça,Tarde,Drive-Thru,80,1891.2,23.64,2.96,7,5.0
2025-07-01,Terça,Tarde,Delivery/App,26,1085.76,41.76,11.08,7,4.5
2025-07-01,Terça,Noite,Salão,40,1230.4,30.76,5.93,10,4.5
2025-07-01,Terça,Noite,Drive-Thru,95,2198.3,23.14,3.39,10,4.8
2025-07-01,Terça,Noite,Delivery/App,38,1341.02,35.29,11.39,10,4.8
2025-07-02,Quarta,Manhã,Salão,26,552.5,21.25,6.28,4,4.2
2025-07-02,Quarta,Manhã,Drive-Thru,43,1035.44,24.08,3.3,4,4.6
2025-07-02,Quarta,Manhã,Delivery/App,12,364.08,30.34,10.43,4,4.3
2025-07-02,Quarta,Tarde,Salão,49,1462.16,29.84,6.99,6,4.7
2025-07-02,Quarta,Tarde,Drive-Thru,83,2465.93,29.71,3.86,6,4.5
2025-07-02,Quarta,Tarde,Delivery/App,27,888.3,32.9,11.08,6,4.8
2025-07-02,Quarta,Noite,Salão,35,810.25,23.15,5.09,9,4.6
2025-07-02,Quarta,Noite,Drive-Thru,86,2363.28,27.48,3.69,9,4.8
2025-07-02,Quarta,Noite,Delivery/App,33,1249.71,37.87,11.27,9,4.2
2025-07-03,Quinta,Manhã,Salão,25,681.25,27.25,6.52,4,4.5
2025-07-03,Quinta,Manhã,Drive-Thru,32,754.56,23.58,3.46,4,4.5
2025-07-03,Quinta,Manhã,Delivery/App,12,486.36,40.53,11.15,4,4.6
2025-07-03,Quinta,Tarde,Salão,38,1111.5,29.25,6.1,8,4.7
2025-07-03,Quinta,Tarde,Drive-Thru,85,1985.6,23.36,3.12,8,4.6
2025-07-03,Quinta,Tarde,Delivery/App,20,636.8,31.84,11.03,8,4.8
2025-07-03,Quinta,Noite,Salão,32,964.8,30.15,6.1,11,4.7
2025-07-03,Quinta,Noite,Drive-Thru,122,3932.06,32.23,2.96,11,4.7
2025-07-03,Quinta,Noite,Delivery/App,37,1170.68,31.64,10.81,11,4.4
2025-07-04,Sexta,Manhã,Salão,28,770.56,27.52,5.09,7,4.5
2025-07-04,Sexta,Manhã,Drive-Thru,53,1262.99,23.83,2.84,7,4.6
2025-07-04,Sexta,Manhã,Delivery/App,16,629.44,39.34,10.01,7,4.2
2025-07-04,Sexta,Tarde,Salão,67,1900.79,28.37,6.27,11,4.8
2025-07-04,Sexta,Tarde,Drive-Thru,107,2838.71,26.53,2.82,11,4.7
2025-07-04,Sexta,Tarde,Delivery/App,35,1353.8,38.68,10.58,11,4.7
2025-07-04,Sexta,Noite,Salão,44,1201.64,27.31,6.59,9,4.5
2025-07-04,Sexta,Noite,Drive-Thru,137,4403.18,32.14,4.25,9,4.5
2025-07-04,Sexta,Noite,Delivery/App,45,1425.6,31.68,11.77,9,4.5
2025-07-05,Sábado,Manhã,Salão,35,968.8,27.68,5.09,7,4.5
2025-07-05,Sábado,Manhã,Drive-Thru,61,1654.93,27.13,3.43,7,4.9
2025-07-05,Sábado,Manhã,Delivery/App,18,716.04,39.78,9.64,7,4.5
2025-07-05,Sábado,Tarde,Salão,46,1154.6,25.1,6.17,10,4.6
2025-07-05,Sábado,Tarde,Drive-Thru,103,2517.32,24.44,3.03,10,4.4
2025-07-05,Sábado,Tarde,Delivery/App,38,1256.66,33.07,10.19,10,5.0
2025-07-05,Sábado,Noite,Salão,37,1108.52,29.96,5.22,10,4.5
2025-07-05,Sábado,Noite,Drive-Thru,122,3440.4,28.2,3.3,10,5.0
2025-07-05,Sábado,Noite,Delivery/App,47,1419.87,30.21,12.06,10,4.5
2025-07-06,Domingo,Manhã,Salão,43,886.66,20.62,6.4,6,4.5
2025-07-06,Domingo,Manhã,Drive-Thru,49,1403.36,28.64,3.08,6,4.4
2025-07-06,Domingo,Manhã,Delivery/App,18,607.14,33.73,10.09,6,4.3
2025-07-06,Domingo,Tarde,Salão,72,1797.84,24.97,5.76,7,4.8
2025-07-06,Domingo,Tarde,Drive-Thru,110,3164.7,28.77,3.55,7,4.6
2025-07-06,Domingo,Tarde,Delivery/App,38,1312.52,34.54,11.51,7,4.6
2025-07-06,Domingo,Noite,Salão,44,1018.16,23.14,5.81,10,5.0
2025-07-06,Domingo,Noite,Drive-Thru,123,3399.72,27.64,3.59,10,4.6
2025-07-06,Domingo,Noite,Delivery/App,41,1532.58,37.38,12.01,10,4.8
2025-07-07,Segunda,Manhã,Salão,23,598.92,26.04,5.88,6,4.6
2025-07-07,Segunda,Manhã,Drive-Thru,32,972.8,30.4,2.96,6,4.5
2025-07-07,Segunda,Manhã,Delivery/App,9,363.06,40.34,9.73,6,4.9
2025-07-07,Segunda,Tarde,Salão,51,1271.43,24.93,5.25,9,4.8
2025-07-07,Segunda,Tarde,Drive-Thru,77,2133.67,27.71,2.03,9,4.6
2025-07-07,Segunda,Tarde,Delivery/App,26,827.58,31.83,10.26,9,4.6
2025-07-07,Segunda,Noite,Salão,34,963.56,28.34,6.15,9,4.6
2025-07-07,Segunda,Noite,Drive-Thru,89,2880.04,32.36,4.1,9,4.8
2025-07-07,Segunda,Noite,Delivery/App,36,1098.0,30.5,11.95,9,4.7
2025-07-08,Terça,Manhã,Salão,22,524.92,23.86,5.94,5,4.5
2025-07-08,Terça,Manhã,Drive-Thru,35,780.5,22.3,3.28,5,5.0
2025-07-08,Terça,Manhã,Delivery/App,12,353.64,29.47,10.54,5,4.3
2025-07-08,Terça,Tarde,Salão,45,1331.1,29.58,5.27,10,4.7
2025-07-08,Terça,Tarde,Drive-Thru,99,2556.18,25.82,3.28,10,4.6
2025-07-08,Terça,Tarde,Delivery/App,24,935.04,38.96,10.9,10,4.5
2025-07-08,Terça,Noite,Salão,43,1139.07,26.49,5.43,11,4.6
2025-07-08,Terça,Noite,Drive-Thru,54,1628.64,30.16,3.04,11,4.6
2025-07-08,Terça,Noite,Delivery/App,35,1191.4,34.04,11.11,11,4.5
2025-07-09,Quarta,Manhã,Salão,23,588.34,25.58,5.79,6,4.4
2025-07-09,Quarta,Manhã,Drive-Thru,32,758.4,23.7,2.94,6,4.9
2025-07-09,Quarta,Manhã,Delivery/App,11,349.25,31.75,10.15,6,4.3
2025-07-09,Quarta,Tarde,Salão,46,1135.28,24.68,5.82,7,4.5
2025-07-09,Quarta,Tarde,Drive-Thru,90,2637.9,29.31,3.81,7,4.9
2025-07-09,Quarta,Tarde,Delivery/App,30,979.2,32.64,10.3,7,4.6
2025-07-09,Quarta,Noite,Salão,41,1004.5,24.5,6.55,10,4.6
2025-07-09,Quarta,Noite,Drive-Thru,83,2433.56,29.32,3.32,10,4.4
2025-07-09,Quarta,Noite,Delivery/App,37,1180.3,31.9,11.83,10,4.7
2025-07-10,Quinta,Manhã,Salão,27,618.57,22.91,6.09,4,4.6
2025-07-10,Quinta,Manhã,Drive-Thru,43,1261.62,29.34,3.19,4,4.6
2025-07-10,Quinta,Manhã,Delivery/App,11,308.33,28.03,10.73,4,4.5
2025-07-10,Quinta,Tarde,Salão,59,1236.05,20.95,6.42,10,4.8
2025-07-10,Quinta,Tarde,Drive-Thru,94,2969.46,31.59,3.12,10,4.5
2025-07-10,Quinta,Tarde,Delivery/App,32,1149.76,35.93,10.11,10,5.0
2025-07-10,Quinta,Noite,Salão,34,725.22,21.33,6.25,10,4.7
2025-07-10,Quinta,Noite,Drive-Thru,99,2354.22,23.78,3.54,10,4.5
2025-07-10,Quinta,Noite,Delivery/App,33,1083.72,32.84,11.85,10,4.2
2025-07-11,Sexta,Manhã,Salão,27,598.59,22.17,5.51,6,4.8
2025-07-11,Sexta,Manhã,Drive-Thru,58,1313.7,22.65,4.34,6,4.4
2025-07-11,Sexta,Manhã,Delivery/App,16,518.08,32.38,10.17,6,4.4
2025-07-11,Sexta,Tarde,Salão,77,2100.56,27.28,6.42,10,4.7
2025-07-11,Sexta,Tarde,Drive-Thru,137,4516.89,32.97,3.77,10,4.7
2025-07-11,Sexta,Tarde,Delivery/App,34,980.22,28.83,10.84,10,5.0
2025-07-11,Sexta,Noite,Salão,34,963.9,28.35,5.99,11,4.9
2025-07-11,Sexta,Noite,Drive-Thru,149,3300.35,22.15,3.55,11,4.9
2025-07-11,Sexta,Noite,Delivery/App,46,1511.1,32.85,11.51,11,4.5
2025-07-12,Sábado,Manhã,Salão,31,677.97,21.87,5.56,7,4.4
2025-07-12,Sábado,Manhã,Drive-Thru,68,2068.56,30.42,3.7,7,4.4
2025-07-12,Sábado,Manhã,Delivery/App,13,516.75,39.75,9.77,7,4.6
2025-07-12,Sábado,Tarde,Salão,66,1936.44,29.34,6.2,7,4.6
2025-07-12,Sábado,Tarde,Drive-Thru,93,2715.6,29.2,3.1,7,4.7
2025-07-12,Sábado,Tarde,Delivery/App,40,1606.4,40.16,11.31,7,4.2
2025-07-12,Sábado,Noite,Salão,51,1404.54,27.54,6.11,10,5.0
2025-07-12,Sábado,Noite,Drive-Thru,131,3719.09,28.39,2.96,10,4.8
2025-07-12,Sábado,Noite,Delivery/App,44,1573.44,35.76,11.39,10,4.9
2025-07-13,Domingo,Manhã,Salão,28,799.96,28.57,6.24,6,4.8
2025-07-13,Domingo,Manhã,Drive-Thru,56,1667.12,29.77,3.31,6,4.7
2025-07-13,Domingo,Manhã,Delivery/App,15,594.6,39.64,9.7,6,4.7
2025-07-13,Domingo,Tarde,Salão,80,1704.8,21.31,6.6,8,4.7
2025-07-13,Domingo,Tarde,Drive-Thru,83,1875.8,22.6,3.67,8,4.7
2025-07-13,Domingo,Tarde,Delivery/App,42,1407.84,33.52,12.15,8,4.9
2025-07-13,Domingo,Noite,Salão,48,1019.04,21.23,6.7,8,4.8
2025-07-13,Domingo,Noite,Drive-Thru,99,2933.37,29.63,3.98,8,4.5
2025-07-13,Domingo,Noite,Delivery/App,46,1630.7,35.45,12.6,8,4.5
2025-07-14,Segunda,Manhã,Salão,27,655.02,24.26,5.47,5,4.6
2025-07-14,Segunda,Manhã,Drive-Thru,49,1470.98,30.02,3.02,5,4.7
2025-07-14,Segunda,Manhã,Delivery/App,10,419.7,41.97,9.86,5,4.6
2025-07-14,Segunda,Tarde,Salão,38,974.7,25.65,4.62,8,4.9
2025-07-14,Segunda,Tarde,Drive-Thru,74,2319.9,31.35,3.14,8,4.7
2025-07-14,Segunda,Tarde,Delivery/App,26,989.82,38.07,11.07,8,4.3
2025-07-14,Segunda,Noite,Salão,41,1163.58,28.38,6.07,12,4.7
2025-07-14,Segunda,Noite,Drive-Thru,86,2161.18,25.13,2.92,12,4.8
2025-07-14,Segunda,Noite,Delivery/App,31,1090.27,35.17,11.45,12,4.7
2025-07-15,Terça,Manhã,Salão,21,591.57,28.17,5.31,6,4.6
2025-07-15,Terça,Manhã,Drive-Thru,44,1333.64,30.31,3.28,6,4.7
2025-07-15,Terça,Manhã,Delivery/App,12,409.08,34.09,10.45,6,4.8
2025-07-15,Terça,Tarde,Salão,45,961.65,21.37,5.45,10,4.9
2025-07-15,Terça,Tarde,Drive-Thru,84,1965.6,23.4,3.39,10,4.6
2025-07-15,Terça,Tarde,Delivery/App,27,1051.92,38.96,11.07,10,4.3
2025-07-15,Terça,Noite,Salão,38,848.16,22.32,6.4,9,4.6
2025-07-15,Terça,Noite,Drive-Thru,87,2394.24,27.52,3.99,9,4.8
2025-07-15,Terça,Noite,Delivery/App,29,1143.18,39.42,12.01,9,5.0
2025-07-16,Quarta,Manhã,Salão,26,598.26,23.01,6.5,6,4.2
2025-07-16,Quarta,Manhã,Drive-Thru,33,1049.4,31.8,3.24,6,4.9
2025-07-16,Quarta,Manhã,Delivery/App,12,375.36,31.28,10.22,6,5.0
2025-07-16,Quarta,Tarde,Salão,50,1151.5,23.03,6.23,9,4.7
2025-07-16,Quarta,Tarde,Drive-Thru,95,2474.75,26.05,3.22,9,4.6
2025-07-16,Quarta,Tarde,Delivery/App,29,1054.73,36.37,10.27,9,5.0
2025-07-16,Quarta,Noite,Salão,35,953.4,27.24,6.49,8,4.7
2025-07-16,Quarta,Noite,Drive-Thru,103,2627.53,25.51,3.24,8,4.8
2025-07-16,Quarta,Noite,Delivery/App,29,1038.2,35.8,11.44,8,4.4
2025-07-17,Quinta,Manhã,Salão,22,644.6,29.3,5.48,6,4.7
2025-07-17,Quinta,Manhã,Drive-Thru,38,952.66,25.07,2.66,6,4.6
2025-07-17,Quinta,Manhã,Delivery/App,11,335.94,30.54,10.38,6,4.4
2025-07-17,Quinta,Tarde,Salão,47,1162.78,24.74,5.48,10,4.7
2025-07-17,Quinta,Tarde,Drive-Thru,74,2207.42,29.83,3.36,10,4.8
2025-07-17,Quinta,Tarde,Delivery/App,28,811.16,28.97,10.71,10,4.8
2025-07-17,Quinta,Noite,Salão,46,1235.56,26.86,6.29,11,4.6
2025-07-17,Quinta,Noite,Drive-Thru,91,2699.06,29.66,2.85,11,4.8
2025-07-17,Quinta,Noite,Delivery/App,39,1598.22,40.98,11.34,11,4.7
2025-07-18,Sexta,Manhã,Salão,35,811.3,23.18,6.71,7,4.6
2025-07-18,Sexta,Manhã,Drive-Thru,56,1473.92,26.32,3.08,7,4.9
2025-07-18,Sexta,Manhã,Delivery/App,18,594.0,33.0,10.17,7,5.0
2025-07-18,Sexta,Tarde,Salão,64,1889.92,29.53,5.71,7,4.6
2025-07-18,Sexta,Tarde,Drive-Thru,106,2562.02,24.17,3.03,7,4.7
2025-07-18,Sexta,Tarde,Delivery/App,28,1116.08,39.86,11.63,7,4.4
2025-07-18,Sexta,Noite,Salão,47,1076.77,22.91,6.45,11,4.7
2025-07-18,Sexta,Noite,Drive-Thru,114,2680.14,23.51,3.5,11,4.0
2025-07-18,Sexta,Noite,Delivery/App,50,1976.5,39.53,12.23,11,4.6
2025-07-19,Sábado,Manhã,Salão,32,699.2,21.85,5.71,4,4.4
2025-07-19,Sábado,Manhã,Drive-Thru,72,1892.88,26.29,3.92,4,4.3
2025-07-19,Sábado,Manhã,Delivery/App,17,541.79,31.87,10.53,4,4.5
2025-07-19,Sábado,Tarde,Salão,68,2078.08,30.56,5.8,11,4.7
2025-07-19,Sábado,Tarde,Drive-Thru,123,3543.63,28.81,4.07,11,4.4
2025-07-19,Sábado,Tarde,Delivery/App,47,1605.05,34.15,10.37,11,4.9
2025-07-19,Sábado,Noite,Salão,60,1390.2,23.17,6.83,10,4.6
2025-07-19,Sábado,Noite,Drive-Thru,147,3470.67,23.61,3.69,10,4.8
2025-07-19,Sábado,Noite,Delivery/App,40,1200.8,30.02,11.12,10,4.5
2025-07-20,Domingo,Manhã,Salão,35,941.15,26.89,5.79,7,4.9
2025-07-20,Domingo,Manhã,Drive-Thru,58,1887.32,32.54,2.66,7,4.5
2025-07-20,Domingo,Manhã,Delivery/App,15,632.4,42.16,11.12,7,4.3
2025-07-20,Domingo,Tarde,Salão,64,1421.44,22.21,5.61,10,4.8
2025-07-20,Domingo,Tarde,Drive-Thru,120,3351.6,27.93,3.2,10,4.6
2025-07-20,Domingo,Tarde,Delivery/App,32,1223.36,38.23,10.77,10,4.4
2025-07-20,Domingo,Noite,Salão,51,1247.97,24.47,6.62,10,4.7
2025-07-20,Domingo,Noite,Drive-Thru,101,3210.79,31.79,3.0,10,4.4
2025-07-20,Domingo,Noite,Delivery/App,52,1609.92,30.96,11.02,10,4.6
2025-07-21,Segunda,Manhã,Salão,26,752.44,28.94,5.85,4,4.6
2025-07-21,Segunda,Manhã,Drive-Thru,45,1251.9,27.82,3.78,4,4.4
2025-07-21,Segunda,Manhã,Delivery/App,13,395.98,30.46,10.52,4,4.2
2025-07-21,Segunda,Tarde,Salão,51,1359.66,26.66,6.25,7,4.4
2025-07-21,Segunda,Tarde,Drive-Thru,87,1968.81,22.63,3.84,7,4.3
2025-07-21,Segunda,Tarde,Delivery/App,30,959.7,31.99,10.95,7,4.2
2025-07-21,Segunda,Noite,Salão,43,892.68,20.76,6.31,9,4.7
2025-07-21,Segunda,Noite,Drive-Thru,77,1760.22,22.86,3.89,9,4.9
2025-07-21,Segunda,Noite,Delivery/App,36,1043.64,28.99,11.16,9,4.9
2025-07-22,Terça,Manhã,Salão,23,589.49,25.63,5.65,5,4.7
2025-07-22,Terça,Manhã,Drive-Thru,34,863.6,25.4,3.02,5,4.4
2025-07-22,Terça,Manhã,Delivery/App,11,335.83,30.53,9.63,5,4.4
2025-07-22,Terça,Tarde,Salão,48,999.36,20.82,6.06,6,4.5
2025-07-22,Terça,Tarde,Drive-Thru,84,2568.72,30.58,3.96,6,4.6
2025-07-22,Terça,Tarde,Delivery/App,26,720.72,27.72,11.31,6,4.3
2025-07-22,Terça,Noite,Salão,35,814.1,23.26,6.31,8,4.6
2025-07-22,Terça,Noite,Drive-Thru,98,2879.24,29.38,4.36,8,4.7
2025-07-22,Terça,Noite,Delivery/App,32,1098.24,34.32,11.7,8,4.9
2025-07-23,Quarta,Manhã,Salão,21,650.37,30.97,5.57,6,4.6
2025-07-23,Quarta,Manhã,Drive-Thru,37,878.75,23.75,3.12,6,4.6
2025-07-23,Quarta,Manhã,Delivery/App,11,349.47,31.77,9.31,6,4.5
2025-07-23,Quarta,Tarde,Salão,44,1313.84,29.86,4.92,10,4.5
2025-07-23,Quarta,Tarde,Drive-Thru,94,2785.22,29.63,3.66,10,4.6
2025-07-23,Quarta,Tarde,Delivery/App,26,855.4,32.9,10.86,10,5.0
2025-07-23,Quarta,Noite,Salão,36,811.08,22.53,6.07,8,4.6
2025-07-23,Quarta,Noite,Drive-Thru,87,2510.82,28.86,3.35,8,4.7
2025-07-23,Quarta,Noite,Delivery/App,24,677.76,28.24,11.24,8,4.6
2025-07-24,Quinta,Manhã,Salão,29,654.24,22.56,6.39,6,4.5
2025-07-24,Quinta,Manhã,Drive-Thru,39,1126.32,28.88,3.08,6,4.7
2025-07-24,Quinta,Manhã,Delivery/App,10,417.1,41.71,10.1,6,4.5
2025-07-24,Quinta,Tarde,Salão,43,1166.59,27.13,6.01,6,4.3
2025-07-24,Quinta,Tarde,Drive-Thru,84,2221.8,26.45,4.36,6,4.7
2025-07-24,Quinta,Tarde,Delivery/App,21,869.82,41.42,10.78,6,4.7
2025-07-24,Quinta,Noite,Salão,40,885.6,22.14,5.89,11,4.9
2025-07-24,Quinta,Noite,Drive-Thru,82,2683.04,32.72,2.94,11,4.6
2025-07-24,Quinta,Noite,Delivery/App,40,1458.8,36.47,11.88,11,4.5
2025-07-25,Sexta,Manhã,Salão,28,580.44,20.73,5.16,6,4.3
2025-07-25,Sexta,Manhã,Drive-Thru,67,1551.72,23.16,3.37,6,4.4
2025-07-25,Sexta,Manhã,Delivery/App,17,546.72,32.16,9.86,6,4.8
2025-07-25,Sexta,Tarde,Salão,67,1976.5,29.5,6.31,7,4.3
2025-07-25,Sexta,Tarde,Drive-Thru,116,3408.08,29.38,4.19,7,4.5
2025-07-25,Sexta,Tarde,Delivery/App,27,1091.61,40.43,10.94,7,4.5
2025-07-25,Sexta,Noite,Salão,48,1150.08,23.96,6.26,12,4.8
2025-07-25,Sexta,Noite,Drive-Thru,128,3031.04,23.68,2.57,12,4.6
2025-07-25,Sexta,Noite,Delivery/App,48,1611.84,33.58,11.94,12,4.5
2025-07-26,Sábado,Manhã,Salão,33,812.46,24.62,5.61,6,4.4
2025-07-26,Sábado,Manhã,Drive-Thru,48,1323.84,27.58,2.7,6,4.5
2025-07-26,Sábado,Manhã,Delivery/App,15,584.55,38.97,10.28,6,4.8
2025-07-26,Sábado,Tarde,Salão,70,1605.1,22.93,5.95,9,4.6
2025-07-26,Sábado,Tarde,Drive-Thru,78,2109.12,27.04,2.83,9,4.5
2025-07-26,Sábado,Tarde,Delivery/App,40,1201.2,30.03,10.9,9,4.8
2025-07-26,Sábado,Noite,Salão,47,1122.83,23.89,6.73,10,4.8
2025-07-26,Sábado,Noite,Drive-Thru,127,2871.47,22.61,3.12,10,4.6
2025-07-26,Sábado,Noite,Delivery/App,41,1532.99,37.39,11.78,10,4.4
2025-07-27,Domingo,Manhã,Salão,29,592.76,20.44,5.45,7,4.6
2025-07-27,Domingo,Manhã,Drive-Thru,60,1537.8,25.63,1.72,7,4.7
2025-07-27,Domingo,Manhã,Delivery/App,13,487.5,37.5,10.12,7,4.9
2025-07-27,Domingo,Tarde,Salão,73,2246.94,30.78,7.06,10,4.9
2025-07-27,Domingo,Tarde,Drive-Thru,107,3451.82,32.26,3.52,10,4.5
2025-07-27,Domingo,Tarde,Delivery/App,33,1333.53,40.41,10.05,10,5.0
2025-07-27,Domingo,Noite,Salão,41,855.26,20.86,6.86,9,4.2
2025-07-27,Domingo,Noite,Drive-Thru,143,3971.11,27.77,3.06,9,4.9
2025-07-27,Domingo,Noite,Delivery/App,52,1759.68,33.84,11.56,9,4.6
2025-07-28,Segunda,Manhã,Salão,22,524.48,23.84,6.74,5,4.4
2025-07-28,Segunda,Manhã,Drive-Thru,44,1415.92,32.18,2.34,5,4.5
2025-07-28,Segunda,Manhã,Delivery/App,10,373.1,37.31,10.07,5,4.8
2025-07-28,Segunda,Tarde,Salão,43,1132.19,26.33,6.22,7,4.4
2025-07-28,Segunda,Tarde,Drive-Thru,95,2916.5,30.7,3.63,7,4.7
2025-07-28,Segunda,Tarde,Delivery/App,23,905.74,39.38,10.48,7,4.6
2025-07-28,Segunda,Noite,Salão,29,764.73,26.37,5.46,11,4.8
2025-07-28,Segunda,Noite,Drive-Thru,88,2193.84,24.93,3.11,11,4.4
2025-07-28,Segunda,Noite,Delivery/App,27,853.2,31.6,11.26,11,4.8
2025-07-29,Terça,Manhã,Salão,21,455.7,21.7,6.31,5,4.5
2025-07-29,Terça,Manhã,Drive-Thru,39,1006.2,25.8,3.02,5,5.0
2025-07-29,Terça,Manhã,Delivery/App,13,383.89,29.53,9.67,5,4.6
2025-07-29,Terça,Tarde,Salão,53,1323.41,24.97,5.54,9,4.7
2025-07-29,Terça,Tarde,Drive-Thru,99,2866.05,28.95,3.85,9,4.4
2025-07-29,Terça,Tarde,Delivery/App,22,774.84,35.22,9.65,9,4.9
2025-07-29,Terça,Noite,Salão,43,1312.36,30.52,5.97,12,4.9
2025-07-29,Terça,Noite,Drive-Thru,104,2956.72,28.43,2.84,12,4.8
2025-07-29,Terça,Noite,Delivery/App,34,939.42,27.63,11.59,12,4.9
2025-07-30,Quarta,Manhã,Salão,23,626.52,27.24,5.74,6,4.7
2025-07-30,Quarta,Manhã,Drive-Thru,39,1006.98,25.82,2.95,6,4.4
2025-07-30,Quarta,Manhã,Delivery/App,11,390.61,35.51,10.68,6,4.2
2025-07-30,Quarta,Tarde,Salão,55,1138.5,20.7,5.51,9,4.6
2025-07-30,Quarta,Tarde,Drive-Thru,84,2454.48,29.22,2.91,9,4.7
2025-07-30,Quarta,Tarde,Delivery/App,26,941.2,36.2,10.65,9,4.5
2025-07-30,Quarta,Noite,Salão,41,1121.76,27.36,5.97,11,4.8
2025-07-30,Quarta,Noite,Drive-Thru,89,2736.75,30.75,3.02,11,4.6
2025-07-30,Quarta,Noite,Delivery/App,36,1411.92,39.22,12.17,11,4.7
2025-07-31,Quinta,Manhã,Salão,28,731.64,26.13,6.2,5,4.4
2025-07-31,Quinta,Manhã,Drive-Thru,43,1232.38,28.66,3.32,5,4.1
2025-07-31,Quinta,Manhã,Delivery/App,10,328.0,32.8,10.73,5,4.7
2025-07-31,Quinta,Tarde,Salão,37,897.62,24.26,6.25,8,4.7
2025-07-31,Quinta,Tarde,Drive-Thru,96,3091.2,32.2,3.19,8,4.9
2025-07-31,Quinta,Tarde,Delivery/App,25,993.0,39.72,11.33,8,4.8
2025-07-31,Quinta,Noite,Salão,41,1213.6,29.6,6.25,12,4.3
2025-07-31,Quinta,Noite,Drive-Thru,115,3774.3,32.82,3.2,12,4.7
2025-07-31,Quinta,Noite,Delivery/App,31,1249.3,40.3,10.85,12,4.7
2025-08-01,Sexta,Manhã,Salão,33,871.2,26.4,5.4,6,5.0
2025-08-01,Sexta,Manhã,Drive-Thru,68,2430.32,35.74,3.79,6,4.8
2025-08-01,Sexta,Manhã,Delivery/App,16,553.76,34.61,10.32,6,4.4
2025-08-01,Sexta,Tarde,Salão,76,2200.96,28.96,5.95,8,4.5
2025-08-01,Sexta,Tarde,Drive-Thru,81,2700.54,33.34,3.27,8,4.7
2025-08-01,Sexta,Tarde,Delivery/App,47,2028.52,43.16,11.46,8,4.6
2025-08-01,Sexta,Noite,Salão,57,1379.97,24.21,6.37,10,4.8
2025-08-01,Sexta,Noite,Drive-Thru,118,2951.18,25.01,3.73,10,4.8
2025-08-01,Sexta,Noite,Delivery/App,46,1908.08,41.48,11.85,10,4.8
2025-08-02,Sábado,Manhã,Salão,37,824.36,22.28,5.83,4,4.5
2025-08-02,Sábado,Manhã,Drive-Thru,69,1980.3,28.7,3.82,4,4.6
2025-08-02,Sábado,Manhã,Delivery/App,16,504.8,31.55,10.25,4,5.0
2025-08-02,Sábado,Tarde,Salão,68,1519.8,22.35,5.92,8,4.3
2025-08-02,Sábado,Tarde,Drive-Thru,112,3857.28,34.44,4.18,8,4.8
2025-08-02,Sábado,Tarde,Delivery/App,35,1299.2,37.12,11.03,8,4.6
2025-08-02,Sábado,Noite,Salão,54,1438.02,26.63,6.02,13,4.9
2025-08-02,Sábado,Noite,Drive-Thru,117,2920.32,24.96,3.28,13,4.6
2025-08-02,Sábado,Noite,Delivery/App,44,1415.04,32.16,11.23,13,4.9
2025-08-03,Domingo,Manhã,Salão,35,918.4,26.24,6.2,6,4.5
2025-08-03,Domingo,Manhã,Drive-Thru,74,2058.68,27.82,3.88,6,4.6
2025-08-03,Domingo,Manhã,Delivery/App,18,786.96,43.72,10.73,6,4.6
2025-08-03,Domingo,Tarde,Salão,83,2128.12,25.64,6.71,7,4.1
2025-08-03,Domingo,Tarde,Drive-Thru,129,3823.56,29.64,4.0,7,4.2
2025-08-03,Domingo,Tarde,Delivery/App,32,1275.52,39.86,11.17,7,4.4
2025-08-03,Domingo,Noite,Salão,43,1097.36,25.52,6.05,12,4.3
2025-08-03,Domingo,Noite,Drive-Thru,125,3706.25,29.65,3.16,12,4.7
2025-08-03,Domingo,Noite,Delivery/App,48,1606.56,33.47,11.7,12,4.3
2025-08-04,Segunda,Manhã,Salão,22,725.34,32.97,6.04,4,4.5
2025-08-04,Segunda,Manhã,Drive-Thru,44,1459.04,33.16,3.38,4,4.7
2025-08-04,Segunda,Manhã,Delivery/App,14,529.76,37.84,10.59,4,4.5
2025-08-04,Segunda,Tarde,Salão,50,1206.0,24.12,5.37,10,4.7
2025-08-04,Segunda,Tarde,Drive-Thru,97,3110.79,32.07,2.63,10,5.0
2025-08-04,Segunda,Tarde,Delivery/App,28,1092.0,39.0,10.79,10,4.5
2025-08-04,Segunda,Noite,Salão,39,1149.72,29.48,5.78,9,4.7
2025-08-04,Segunda,Noite,Drive-Thru,96,3044.16,31.71,3.48,9,4.6
2025-08-04,Segunda,Noite,Delivery/App,44,1680.36,38.19,11.7,9,4.5
2025-08-05,Terça,Manhã,Salão,26,670.8,25.8,6.44,5,4.2
2025-08-05,Terça,Manhã,Drive-Thru,49,1263.22,25.78,3.88,5,4.7
2025-08-05,Terça,Manhã,Delivery/App,12,531.6,44.3,10.96,5,4.2
2025-08-05,Terça,Tarde,Salão,58,1466.82,25.29,5.84,8,4.3
2025-08-05,Terça,Tarde,Drive-Thru,103,3282.61,31.87,4.32,8,4.4
2025-08-05,Terça,Tarde,Delivery/App,29,1154.2,39.8,10.62,8,5.0
2025-08-05,Terça,Noite,Salão,43,1107.25,25.75,5.78,10,4.6
2025-08-05,Terça,Noite,Drive-Thru,73,2609.02,35.74,3.18,10,4.8
2025-08-05,Terça,Noite,Delivery/App,32,1097.6,34.3,11.07,10,5.0
2025-08-06,Quarta,Manhã,Salão,28,753.2,26.9,5.99,4,4.2
2025-08-06,Quarta,Manhã,Drive-Thru,50,1605.0,32.1,2.7,4,4.5
2025-08-06,Quarta,Manhã,Delivery/App,15,583.5,38.9,10.05,4,4.7
2025-08-06,Quarta,Tarde,Salão,53,1225.89,23.13,5.85,6,4.7
2025-08-06,Quarta,Tarde,Drive-Thru,85,2772.7,32.62,4.13,6,4.5
2025-08-06,Quarta,Tarde,Delivery/App,35,1606.5,45.9,11.66,6,4.6
2025-08-06,Quarta,Noite,Salão,35,821.8,23.48,6.76,11,4.5
2025-08-06,Quarta,Noite,Drive-Thru,105,2601.9,24.78,3.64,11,4.4
2025-08-06,Quarta,Noite,Delivery/App,32,1428.48,44.64,11.22,11,4.9
2025-08-07,Quinta,Manhã,Salão,26,721.76,27.76,5.88,5,4.5
2025-08-07,Quinta,Manhã,Drive-Thru,39,1167.66,29.94,4.45,5,4.3
2025-08-07,Quinta,Manhã,Delivery/App,11,406.45,36.95,9.71,5,4.6
2025-08-07,Quinta,Tarde,Salão,45,1322.55,29.39,4.54,10,4.7
2025-08-07,Quinta,Tarde,Drive-Thru,69,2068.62,29.98,2.56,10,5.0
2025-08-07,Quinta,Tarde,Delivery/App,19,612.56,32.24,9.71,10,4.8
2025-08-07,Quinta,Noite,Salão,51,1567.23,30.73,5.77,10,4.6
2025-08-07,Quinta,Noite,Drive-Thru,123,3523.95,28.65,4.12,10,4.3
2025-08-07,Quinta,Noite,Delivery/App,41,1804.0,44.0,11.65,10,4.6
2025-08-08,Sexta,Manhã,Salão,34,870.74,25.61,6.4,5,4.6
2025-08-08,Sexta,Manhã,Drive-Thru,58,1755.08,30.26,3.19,5,4.5
2025-08-08,Sexta,Manhã,Delivery/App,15,527.1,35.14,10.28,5,4.5
2025-08-08,Sexta,Tarde,Salão,69,1936.14,28.06,6.48,10,4.6
2025-08-08,Sexta,Tarde,Drive-Thru,132,4589.64,34.77,3.39,10,5.0
2025-08-08,Sexta,Tarde,Delivery/App,42,1456.14,34.67,10.51,10,4.5
2025-08-08,Sexta,Noite,Salão,51,1653.42,32.42,5.73,12,5.0
2025-08-08,Sexta,Noite,Drive-Thru,150,4348.5,28.99,4.04,12,4.3
2025-08-08,Sexta,Noite,Delivery/App,40,1577.2,39.43,11.07,12,5.0
2025-08-09,Sábado,Manhã,Salão,31,688.2,22.2,5.07,6,4.4
2025-08-09,Sábado,Manhã,Drive-Thru,57,1713.99,30.07,3.8,6,4.3
2025-08-09,Sábado,Manhã,Delivery/App,14,588.0,42.0,10.26,6,4.5
2025-08-09,Sábado,Tarde,Salão,74,2447.18,33.07,5.22,11,4.8
2025-08-09,Sábado,Tarde,Drive-Thru,110,3041.5,27.65,2.73,11,5.0
2025-08-09,Sábado,Tarde,Delivery/App,40,1792.8,44.82,11.11,11,4.5
2025-08-09,Sábado,Noite,Salão,61,1705.56,27.96,6.58,11,4.6
2025-08-09,Sábado,Noite,Drive-Thru,126,3097.08,24.58,3.9,11,4.7
2025-08-09,Sábado,Noite,Delivery/App,59,2400.12,40.68,11.7,11,4.5
2025-08-10,Domingo,Manhã,Salão,36,1173.6,32.6,5.02,7,4.9
2025-08-10,Domingo,Manhã,Drive-Thru,67,2045.51,30.53,3.53,7,4.4
2025-08-10,Domingo,Manhã,Delivery/App,15,627.3,41.82,9.9,7,4.8
2025-08-10,Domingo,Tarde,Salão,61,1559.77,25.57,6.71,8,4.6
2025-08-10,Domingo,Tarde,Drive-Thru,118,3437.34,29.13,3.26,8,4.6
2025-08-10,Domingo,Tarde,Delivery/App,37,1583.97,42.81,11.59,8,4.4
2025-08-10,Domingo,Noite,Salão,46,1045.12,22.72,5.75,11,4.9
2025-08-10,Domingo,Noite,Drive-Thru,105,3292.8,31.36,3.44,11,4.4
2025-08-10,Domingo,Noite,Delivery/App,42,1285.62,30.61,11.23,11,4.4
2025-08-11,Segunda,Manhã,Salão,22,670.12,30.46,5.81,5,4.5
2025-08-11,Segunda,Manhã,Drive-Thru,52,1552.72,29.86,3.41,5,4.7
2025-08-11,Segunda,Manhã,Delivery/App,16,656.48,41.03,10.33,5,4.4
2025-08-11,Segunda,Tarde,Salão,51,1592.73,31.23,6.2,7,4.4
2025-08-11,Segunda,Tarde,Drive-Thru,82,2733.06,33.33,3.53,7,4.3
2025-08-11,Segunda,Tarde,Delivery/App,25,929.25,37.17,10.42,7,4.4
2025-08-11,Segunda,Noite,Salão,35,824.95,23.57,5.92,11,5.0
2025-08-11,Segunda,Noite,Drive-Thru,114,2808.96,24.64,3.62,11,4.5
2025-08-11,Segunda,Noite,Delivery/App,33,1172.82,35.54,12.13,11,4.5
2025-08-12,Terça,Manhã,Salão,23,750.72,32.64,6.44,6,4.6
2025-08-12,Terça,Manhã,Drive-Thru,43,1416.85,32.95,3.15,6,5.0
2025-08-12,Terça,Manhã,Delivery/App,12,456.48,38.04,9.63,6,4.6
2025-08-12,Terça,Tarde,Salão,43,1278.82,29.74,6.26,9,4.8
2025-08-12,Terça,Tarde,Drive-Thru,84,2588.04,30.81,3.27,9,4.8
2025-08-12,Terça,Tarde,Delivery/App,26,1010.36,38.86,10.41,9,4.5
2025-08-12,Terça,Noite,Salão,40,1148.4,28.71,5.81,11,4.4
2025-08-12,Terça,Noite,Drive-Thru,79,2636.23,33.37,3.49,11,4.5
2025-08-12,Terça,Noite,Delivery/App,40,1736.8,43.42,11.31,11,5.0
2025-08-13,Quarta,Manhã,Salão,30,799.8,26.66,6.26,5,4.3
2025-08-13,Quarta,Manhã,Drive-Thru,46,1558.02,33.87,3.39,5,4.7
2025-08-13,Quarta,Manhã,Delivery/App,11,376.64,34.24,10.08,5,4.7
2025-08-13,Quarta,Tarde,Salão,43,970.94,22.58,6.32,6,4.5
2025-08-13,Quarta,Tarde,Drive-Thru,76,2069.48,27.23,3.19,6,4.7
2025-08-13,Quarta,Tarde,Delivery/App,25,817.25,32.69,10.6,6,4.2
2025-08-13,Quarta,Noite,Salão,39,1056.51,27.09,5.31,12,5.0
2025-08-13,Quarta,Noite,Drive-Thru,93,2816.97,30.29,3.49,12,4.7
2025-08-13,Quarta,Noite,Delivery/App,35,1449.7,41.42,11.36,12,4.3
2025-08-14,Quinta,Manhã,Salão,24,668.4,27.85,5.11,6,4.5
2025-08-14,Quinta,Manhã,Drive-Thru,53,1427.82,26.94,3.56,6,4.2
2025-08-14,Quinta,Manhã,Delivery/App,14,475.16,33.94,10.37,6,4.4
2025-08-14,Quinta,Tarde,Salão,67,1713.86,25.58,6.52,7,4.7
2025-08-14,Quinta,Tarde,Drive-Thru,82,2392.76,29.18,3.8,7,4.0
2025-08-14,Quinta,Tarde,Delivery/App,25,798.75,31.95,11.31,7,4.2
2025-08-14,Quinta,Noite,Salão,45,1411.2,31.36,5.94,8,4.4
2025-08-14,Quinta,Noite,Drive-Thru,112,2989.28,26.69,3.83,8,4.6
2025-08-14,Quinta,Noite,Delivery/App,39,1788.93,45.87,12.0,8,4.6
2025-08-15,Sexta,Manhã,Salão,38,1270.72,33.44,6.13,7,4.6
2025-08-15,Sexta,Manhã,Drive-Thru,59,1718.67,29.13,2.93,7,4.6
2025-08-15,Sexta,Manhã,Delivery/App,15,475.05,31.67,11.23,7,4.7
2025-08-15,Sexta,Tarde,Salão,76,2497.36,32.86,6.23,9,4.6
2025-08-15,Sexta,Tarde,Drive-Thru,114,2953.74,25.91,3.7,9,4.2
2025-08-15,Sexta,Tarde,Delivery/App,33,1293.93,39.21,11.41,9,4.7
2025-08-15,Sexta,Noite,Salão,55,1240.8,22.56,5.73,13,4.8
2025-08-15,Sexta,Noite,Drive-Thru,142,4147.82,29.21,3.26,13,4.8
2025-08-15,Sexta,Noite,Delivery/App,55,1911.25,34.75,11.6,13,4.8
2025-08-16,Sábado,Manhã,Salão,34,1146.48,33.72,5.58,7,4.8
2025-08-16,Sábado,Manhã,Drive-Thru,63,1930.95,30.65,3.34,7,4.2
2025-08-16,Sábado,Manhã,Delivery/App,17,530.4,31.2,10.28,7,4.6
2025-08-16,Sábado,Tarde,Salão,85,2375.75,27.95,6.29,11,4.7
2025-08-16,Sábado,Tarde,Drive-Thru,106,2616.08,24.68,2.48,11,4.8
2025-08-16,Sábado,Tarde,Delivery/App,38,1337.6,35.2,10.77,11,4.6
2025-08-16,Sábado,Noite,Salão,61,1892.22,31.02,5.61,14,4.5
2025-08-16,Sábado,Noite,Drive-Thru,138,4850.7,35.15,2.05,14,4.7
2025-08-16,Sábado,Noite,Delivery/App,43,1489.95,34.65,11.41,14,4.7
2025-08-17,Domingo,Manhã,Salão,39,1103.7,28.3,5.87,8,4.6
2025-08-17,Domingo,Manhã,Drive-Thru,52,1594.32,30.66,2.61,8,4.8
2025-08-17,Domingo,Manhã,Delivery/App,14,634.9,45.35,9.4,8,5.0
2025-08-17,Domingo,Tarde,Salão,67,1608.67,24.01,5.86,8,4.1
2025-08-17,Domingo,Tarde,Drive-Thru,123,3381.27,27.49,2.95,8,4.6
2025-08-17,Domingo,Tarde,Delivery/App,48,1792.32,37.34,11.26,8,4.6
2025-08-17,Domingo,Noite,Salão,58,1542.22,26.59,6.64,11,4.6
2025-08-17,Domingo,Noite,Drive-Thru,146,4448.62,30.47,4.34,11,4.2
2025-08-17,Domingo,Noite,Delivery/App,45,1984.95,44.11,11.56,11,5.0
2025-08-18,Segunda,Manhã,Salão,22,656.04,29.82,5.8,4,4.5
2025-08-18,Segunda,Manhã,Drive-Thru,41,1110.28,27.08,2.45,4,4.6
2025-08-18,Segunda,Manhã,Delivery/App,12,402.72,33.56,10.29,4,4.9
2025-08-18,Segunda,Tarde,Salão,56,1633.52,29.17,5.81,9,4.6
2025-08-18,Segunda,Tarde,Drive-Thru,80,2136.8,26.71,2.98,9,4.8
2025-08-18,Segunda,Tarde,Delivery/App,28,1203.44,42.98,10.52,9,4.6
2025-08-18,Segunda,Noite,Salão,41,1311.59,31.99,6.24,12,4.5
2025-08-18,Segunda,Noite,Drive-Thru,102,2835.6,27.8,2.82,12,4.6
2025-08-18,Segunda,Noite,Delivery/App,38,1686.06,44.37,11.01,12,4.5
2025-08-19,Terça,Manhã,Salão,28,693.56,24.77,5.57,4,4.8
2025-08-19,Terça,Manhã,Drive-Thru,47,1519.51,32.33,2.83,4,4.4
2025-08-19,Terça,Manhã,Delivery/App,10,401.4,40.14,10.28,4,4.8
2025-08-19,Terça,Tarde,Salão,50,1187.0,23.74,5.87,9,4.7
2025-08-19,Terça,Tarde,Drive-Thru,105,2702.7,25.74,3.3,9,4.1
2025-08-19,Terça,Tarde,Delivery/App,28,1113.84,39.78,10.79,9,4.5
2025-08-19,Terça,Noite,Salão,40,1127.6,28.19,6.05,11,4.8
2025-08-19,Terça,Noite,Drive-Thru,88,2451.68,27.86,2.77,11,4.9
2025-08-19,Terça,Noite,Delivery/App,36,1105.92,30.72,10.69,11,4.6
2025-08-20,Quarta,Manhã,Salão,23,668.15,29.05,5.8,4,4.1
2025-08-20,Quarta,Manhã,Drive-Thru,43,1392.34,32.38,4.4,4,4.2
2025-08-20,Quarta,Manhã,Delivery/App,12,401.04,33.42,10.76,4,4.6
2025-08-20,Quarta,Tarde,Salão,40,1111.2,27.78,5.85,7,4.4
2025-08-20,Quarta,Tarde,Drive-Thru,74,2370.22,32.03,2.91,7,4.8
2025-08-20,Quarta,Tarde,Delivery/App,19,684.57,36.03,10.96,7,4.8
2025-08-20,Quarta,Noite,Salão,48,1252.32,26.09,5.62,9,4.5
2025-08-20,Quarta,Noite,Drive-Thru,95,2679.95,28.21,3.58,9,4.6
2025-08-20,Quarta,Noite,Delivery/App,34,1222.64,35.96,11.87,9,4.9
2025-08-21,Quinta,Manhã,Salão,22,551.54,25.07,5.33,4,4.4
2025-08-21,Quinta,Manhã,Drive-Thru,49,1600.83,32.67,3.87,4,4.7
2025-08-21,Quinta,Manhã,Delivery/App,12,380.52,31.71,10.04,4,4.7
2025-08-21,Quinta,Tarde,Salão,59,1316.29,22.31,5.64,6,4.7
2025-08-21,Quinta,Tarde,Drive-Thru,85,2300.95,27.07,3.3,6,4.7
2025-08-21,Quinta,Tarde,Delivery/App,29,1136.8,39.2,11.29,6,4.7
2025-08-21,Quinta,Noite,Salão,41,1295.19,31.59,5.73,11,5.0
2025-08-21,Quinta,Noite,Drive-Thru,114,2869.38,25.17,3.48,11,4.5
2025-08-21,Quinta,Noite,Delivery/App,36,1573.92,43.72,12.16,11,4.6
2025-08-22,Sexta,Manhã,Salão,31,721.06,23.26,5.82,6,4.9
2025-08-22,Sexta,Manhã,Drive-Thru,47,1387.44,29.52,3.71,6,4.6
2025-08-22,Sexta,Manhã,Delivery/App,15,553.8,36.92,10.1,6,4.7
2025-08-22,Sexta,Tarde,Salão,79,2185.93,27.67,6.51,7,4.4
2025-08-22,Sexta,Tarde,Drive-Thru,132,4488.0,34.0,4.02,7,4.5
2025-08-22,Sexta,Tarde,Delivery/App,39,1516.71,38.89,10.91,7,4.3
2025-08-22,Sexta,Noite,Salão,53,1201.51,22.67,6.28,12,4.5
2025-08-22,Sexta,Noite,Drive-Thru,155,4003.65,25.83,2.8,12,4.6
2025-08-22,Sexta,Noite,Delivery/App,45,1720.35,38.23,11.96,12,4.7
2025-08-23,Sábado,Manhã,Salão,37,1226.55,33.15,5.69,5,4.5
2025-08-23,Sábado,Manhã,Drive-Thru,61,1781.2,29.2,3.27,5,4.8
2025-08-23,Sábado,Manhã,Delivery/App,18,694.26,38.57,10.04,5,4.5
2025-08-23,Sábado,Tarde,Salão,89,2682.46,30.14,6.31,8,4.5
2025-08-23,Sábado,Tarde,Drive-Thru,107,3753.56,35.08,3.43,8,4.5
2025-08-23,Sábado,Tarde,Delivery/App,42,1432.2,34.1,10.49,8,5.0
2025-08-23,Sábado,Noite,Salão,57,1841.1,32.3,5.46,14,4.7
2025-08-23,Sábado,Noite,Drive-Thru,134,3605.94,26.91,3.04,14,4.7
2025-08-23,Sábado,Noite,Delivery/App,46,2046.54,44.49,11.56,14,4.7
2025-08-24,Domingo,Manhã,Salão,28,933.8,33.35,6.19,6,4.5
2025-08-24,Domingo,Manhã,Drive-Thru,55,1811.15,32.93,3.94,6,4.3
2025-08-24,Domingo,Manhã,Delivery/App,16,713.76,44.61,10.45,6,4.4
2025-08-24,Domingo,Tarde,Salão,61,2017.27,33.07,6.01,7,4.5
2025-08-24,Domingo,Tarde,Drive-Thru,131,4250.95,32.45,4.16,7,4.4
2025-08-24,Domingo,Tarde,Delivery/App,31,1128.4,36.4,11.28,7,4.7
2025-08-24,Domingo,Noite,Salão,58,1881.52,32.44,6.63,11,4.8
2025-08-24,Domingo,Noite,Drive-Thru,151,4493.76,29.76,3.69,11,4.5
2025-08-24,Domingo,Noite,Delivery/App,55,2465.65,44.83,11.32,11,4.9
2025-08-25,Segunda,Manhã,Salão,28,799.68,28.56,5.94,5,4.2
2025-08-25,Segunda,Manhã,Drive-Thru,47,1435.38,30.54,3.25,5,4.5
2025-08-25,Segunda,Manhã,Delivery/App,12,449.52,37.46,10.68,5,4.5
2025-08-25,Segunda,Tarde,Salão,59,1957.62,33.18,5.87,10,4.6
2025-08-25,Segunda,Tarde,Drive-Thru,89,2627.28,29.52,3.44,10,4.4
2025-08-25,Segunda,Tarde,Delivery/App,30,1125.3,37.51,11.23,10,4.5
2025-08-25,Segunda,Noite,Salão,42,1052.52,25.06,6.01,12,5.0
2025-08-25,Segunda,Noite,Drive-Thru,107,3754.63,35.09,2.77,12,5.0
2025-08-25,Segunda,Noite,Delivery/App,30,980.1,32.67,10.48,12,5.0
2025-08-26,Terça,Manhã,Salão,28,816.2,29.15,4.85,6,4.4
2025-08-26,Terça,Manhã,Drive-Thru,43,1087.9,25.3,2.58,6,4.5
2025-08-26,Terça,Manhã,Delivery/App,11,456.83,41.53,10.16,6,4.5
2025-08-26,Terça,Tarde,Salão,51,1433.61,28.11,5.86,7,4.3
2025-08-26,Terça,Tarde,Drive-Thru,91,3179.54,34.94,3.36,7,4.6
2025-08-26,Terça,Tarde,Delivery/App,30,1095.9,36.53,10.29,7,4.6
2025-08-26,Terça,Noite,Salão,40,909.2,22.73,5.97,10,4.4
2025-08-26,Terça,Noite,Drive-Thru,71,2078.88,29.28,3.25,10,5.0
2025-08-26,Terça,Noite,Delivery/App,36,1140.48,31.68,11.86,10,4.8
2025-08-27,Quarta,Manhã,Salão,25,644.25,25.77,4.83,6,4.9
2025-08-27,Quarta,Manhã,Drive-Thru,50,1639.0,32.78,3.35,6,4.7
2025-08-27,Quarta,Manhã,Delivery/App,14,443.38,31.67,9.93,6,4.6
2025-08-27,Quarta,Tarde,Salão,61,1998.97,32.77,5.03,7,5.0
2025-08-27,Quarta,Tarde,Drive-Thru,76,2568.04,33.79,3.32,7,4.8
2025-08-27,Quarta,Tarde,Delivery/App,28,1265.6,45.2,11.57,7,4.3
2025-08-27,Quarta,Noite,Salão,40,1095.2,27.38,6.51,10,4.7
2025-08-27,Quarta,Noite,Drive-Thru,106,2910.76,27.46,3.89,10,4.4
2025-08-27,Quarta,Noite,Delivery/App,31,1083.76,34.96,11.57,10,4.7
2025-08-28,Quinta,Manhã,Salão,28,880.04,31.43,5.46,5,4.7
2025-08-28,Quinta,Manhã,Drive-Thru,50,1297.0,25.94,3.59,5,4.4
2025-08-28,Quinta,Manhã,Delivery/App,15,507.45,33.83,9.99,5,4.7
2025-08-28,Quinta,Tarde,Salão,53,1739.99,32.83,5.29,10,4.7
2025-08-28,Quinta,Tarde,Drive-Thru,86,2425.2,28.2,2.48,10,4.8
2025-08-28,Quinta,Tarde,Delivery/App,30,1100.1,36.67,10.35,10,4.4
2025-08-28,Quinta,Noite,Salão,44,1334.08,30.32,5.99,11,4.8
2025-08-28,Quinta,Noite,Drive-Thru,103,3266.13,31.71,3.28,11,5.0
2025-08-28,Quinta,Noite,Delivery/App,40,1833.6,45.84,11.59,11,4.5
2025-08-29,Sexta,Manhã,Salão,40,953.6,23.84,6.51,7,4.6
2025-08-29,Sexta,Manhã,Drive-Thru,54,1379.16,25.54,3.41,7,4.4
2025-08-29,Sexta,Manhã,Delivery/App,16,720.96,45.06,9.38,7,4.6
2025-08-29,Sexta,Tarde,Salão,59,1997.74,33.86,6.1,7,4.6
2025-08-29,Sexta,Tarde,Drive-Thru,113,3948.22,34.94,3.56,7,4.5
2025-08-29,Sexta,Tarde,Delivery/App,43,1329.13,30.91,11.28,7,4.4
2025-08-29,Sexta,Noite,Salão,50,1396.0,27.92,6.13,10,4.4
2025-08-29,Sexta,Noite,Drive-Thru,150,4134.0,27.56,3.19,10,5.0
2025-08-29,Sexta,Noite,Delivery/App,55,2384.25,43.35,11.38,10,4.6
2025-08-30,Sábado,Manhã,Salão,35,964.25,27.55,6.68,6,4.6
2025-08-30,Sábado,Manhã,Drive-Thru,63,1956.78,31.06,3.23,6,4.8
2025-08-30,Sábado,Manhã,Delivery/App,14,471.1,33.65,10.3,6,4.6
2025-08-30,Sábado,Tarde,Salão,80,2692.0,33.65,5.38,9,4.7
2025-08-30,Sábado,Tarde,Drive-Thru,124,2977.24,24.01,3.54,9,4.8
2025-08-30,Sábado,Tarde,Delivery/App,44,1601.6,36.4,10.87,9,4.2
2025-08-30,Sábado,Noite,Salão,60,1470.0,24.5,6.34,13,4.3
2025-08-30,Sábado,Noite,Drive-Thru,136,4502.96,33.11,3.57,13,4.8
2025-08-30,Sábado,Noite,Delivery/App,56,1900.08,33.93,11.39,13,4.9
2025-08-31,Domingo,Manhã,Salão,38,867.54,22.83,5.36,8,4.7
2025-08-31,Domingo,Manhã,Drive-Thru,57,1978.47,34.71,2.51,8,4.8
2025-08-31,Domingo,Manhã,Delivery/App,17,522.92,30.76,9.88,8,4.3
2025-08-31,Domingo,Tarde,Salão,75,2077.5,27.7,6.06,10,4.5
2025-08-31,Domingo,Tarde,Drive-Thru,108,3673.08,34.01,2.78,10,4.5
2025-08-31,Domingo,Tarde,Delivery/App,31,1102.36,35.56,10.96,10,4.9
2025-08-31,Domingo,Noite,Salão,54,1258.2,23.3,6.18,11,4.0
2025-08-31,Domingo,Noite,Drive-Thru,147,5206.74,35.42,3.13,11,5.0
2025-08-31,Domingo,Noite,Delivery/App,52,2061.8,39.65,11.63,11,4.4
2025-09-01,Segunda,Manhã,Salão,27,600.21,22.23,6.37,4,4.8
2025-09-01,Segunda,Manhã,Drive-Thru,49,1216.18,24.82,3.28,4,4.5
2025-09-01,Segunda,Manhã,Delivery/App,13,533.26,41.02,10.41,4,4.7
2025-09-01,Segunda,Tarde,Salão,41,989.74,24.14,5.85,9,4.6
2025-09-01,Segunda,Tarde,Drive-Thru,100,2878.0,28.78,3.15,9,4.4
2025-09-01,Segunda,Tarde,Delivery/App,28,1266.44,45.23,11.06,9,4.6
2025-09-01,Segunda,Noite,Salão,40,968.8,24.22,6.31,8,4.7
2025-09-01,Segunda,Noite,Drive-Thru,103,3668.86,35.62,3.53,8,4.6
2025-09-01,Segunda,Noite,Delivery/App,36,1287.72,35.77,11.91,8,4.4
2025-09-02,Terça,Manhã,Salão,28,929.6,33.2,5.93,4,4.7
2025-09-02,Terça,Manhã,Drive-Thru,43,1255.6,29.2,3.38,4,4.7
2025-09-02,Terça,Manhã,Delivery/App,12,403.68,33.64,11.12,4,4.4
2025-09-02,Terça,Tarde,Salão,44,1169.08,26.57,5.54,6,4.4
2025-09-02,Terça,Tarde,Drive-Thru,75,2682.75,35.77,4.39,6,4.7
2025-09-02,Terça,Tarde,Delivery/App,23,804.77,34.99,11.03,6,4.6
2025-09-02,Terça,Noite,Salão,44,1110.12,25.23,5.72,11,4.9
2025-09-02,Terça,Noite,Drive-Thru,98,3493.7,35.65,3.7,11,4.6
2025-09-02,Terça,Noite,Delivery/App,35,1548.4,44.24,12.32,11,4.5
2025-09-03,Quarta,Manhã,Salão,28,756.0,27.0,5.19,5,4.5
2025-09-03,Quarta,Manhã,Drive-Thru,46,1522.14,33.09,3.58,5,4.9
2025-09-03,Quarta,Manhã,Delivery/App,13,444.08,34.16,10.37,5,4.7
2025-09-03,Quarta,Tarde,Salão,53,1540.71,29.07,5.73,7,4.4
2025-09-03,Quarta,Tarde,Drive-Thru,105,3085.95,29.39,4.06,7,4.4
2025-09-03,Quarta,Tarde,Delivery/App,32,1178.24,36.82,11.2,7,4.7
2025-09-03,Quarta,Noite,Salão,40,936.4,23.41,6.39,10,5.0
2025-09-03,Quarta,Noite,Drive-Thru,92,3045.2,33.1,4.0,10,4.8
2025-09-03,Quarta,Noite,Delivery/App,35,1199.8,34.28,11.62,10,4.3
2025-09-04,Quinta,Manhã,Salão,25,642.25,25.69,5.44,5,4.6
2025-09-04,Quinta,Manhã,Drive-Thru,46,1450.38,31.53,3.81,5,4.3
2025-09-04,Quinta,Manhã,Delivery/App,11,480.92,43.72,10.52,5,4.4
2025-09-04,Quinta,Tarde,Salão,56,1896.16,33.86,5.77,10,4.9
2025-09-04,Quinta,Tarde,Drive-Thru,87,2362.92,27.16,2.68,10,4.7
2025-09-04,Quinta,Tarde,Delivery/App,26,1149.98,44.23,10.05,10,4.9
2025-09-04,Quinta,Noite,Salão,42,1271.34,30.27,5.84,12,4.6
2025-09-04,Quinta,Noite,Drive-Thru,89,3166.62,35.58,2.61,12,4.7
2025-09-04,Quinta,Noite,Delivery/App,45,2068.2,45.96,11.26,12,4.7
2025-09-05,Sexta,Manhã,Salão,26,682.76,26.26,5.89,7,3.8
2025-09-05,Sexta,Manhã,Drive-Thru,62,1783.12,28.76,3.47,7,4.5
2025-09-05,Sexta,Manhã,Delivery/App,14,600.04,42.86,10.74,7,4.4
2025-09-05,Sexta,Tarde,Salão,84,1959.72,23.33,6.43,8,4.6
2025-09-05,Sexta,Tarde,Drive-Thru,138,4454.64,32.28,4.15,8,4.5
2025-09-05,Sexta,Tarde,Delivery/App,39,1540.89,39.51,11.45,8,4.7
2025-09-05,Sexta,Noite,Salão,60,1903.2,31.72,4.78,13,4.6
2025-09-05,Sexta,Noite,Drive-Thru,140,4947.6,35.34,2.1,13,4.9
2025-09-05,Sexta,Noite,Delivery/App,50,1644.0,32.88,11.69,13,4.8
2025-09-06,Sábado,Manhã,Salão,29,755.45,26.05,5.65,7,4.2
2025-09-06,Sábado,Manhã,Drive-Thru,63,1765.89,28.03,2.91,7,4.5
2025-09-06,Sábado,Manhã,Delivery/App,16,632.0,39.5,9.89,7,4.6
2025-09-06,Sábado,Tarde,Salão,70,1912.4,27.32,5.84,9,4.5
2025-09-06,Sábado,Tarde,Drive-Thru,113,3590.01,31.77,3.56,9,4.6
2025-09-06,Sábado,Tarde,Delivery/App,42,1805.16,42.98,10.88,9,4.5
2025-09-06,Sábado,Noite,Salão,45,1170.9,26.02,5.55,14,4.7
2025-09-06,Sábado,Noite,Drive-Thru,153,4642.02,30.34,3.09,14,4.7
2025-09-06,Sábado,Noite,Delivery/App,58,2444.12,42.14,11.31,14,4.5
2025-09-07,Domingo,Manhã,Salão,33,827.97,25.09,5.55,7,4.6
2025-09-07,Domingo,Manhã,Drive-Thru,68,2150.84,31.63,3.44,7,4.6
2025-09-07,Domingo,Manhã,Delivery/App,17,727.26,42.78,9.76,7,4.5
2025-09-07,Domingo,Tarde,Salão,78,1781.52,22.84,5.81,9,4.7
2025-09-07,Domingo,Tarde,Drive-Thru,140,4323.2,30.88,2.89,9,4.6
2025-09-07,Domingo,Tarde,Delivery/App,28,1101.52,39.34,10.02,9,4.6
2025-09-07,Domingo,Noite,Salão,55,1421.2,25.84,6.71,11,4.3
2025-09-07,Domingo,Noite,Drive-Thru,129,3716.49,28.81,4.35,11,4.9
2025-09-07,Domingo,Noite,Delivery/App,46,1578.26,34.31,11.48,11,4.5
2025-09-08,Segunda,Manhã,Salão,29,663.81,22.89,5.31,4,4.7
2025-09-08,Segunda,Manhã,Drive-Thru,48,1727.52,35.99,2.91,4,4.4
2025-09-08,Segunda,Manhã,Delivery/App,14,595.14,42.51,10.76,4,4.7
2025-09-08,Segunda,Tarde,Salão,40,1336.4,33.41,5.71,9,4.7
2025-09-08,Segunda,Tarde,Drive-Thru,76,1929.64,25.39,3.01,9,4.3
2025-09-08,Segunda,Tarde,Delivery/App,33,1032.57,31.29,10.74,9,4.7
2025-09-08,Segunda,Noite,Salão,46,1077.32,23.42,5.75,11,4.6
2025-09-08,Segunda,Noite,Drive-Thru,103,3024.08,29.36,2.95,11,4.8
2025-09-08,Segunda,Noite,Delivery/App,40,1766.4,44.16,11.32,11,4.7
2025-09-09,Terça,Manhã,Salão,26,600.08,23.08,5.67,6,4.4
2025-09-09,Terça,Manhã,Drive-Thru,45,1160.1,25.78,2.84,6,4.7
2025-09-09,Terça,Manhã,Delivery/App,12,551.4,45.95,10.68,6,4.2
2025-09-09,Terça,Tarde,Salão,52,1493.96,28.73,5.59,9,4.4
2025-09-09,Terça,Tarde,Drive-Thru,81,2577.42,31.82,3.19,9,4.4
2025-09-09,Terça,Tarde,Delivery/App,27,1135.35,42.05,10.87,9,4.7
2025-09-09,Terça,Noite,Salão,39,917.28,23.52,6.16,10,4.5
2025-09-09,Terça,Noite,Drive-Thru,92,2732.4,29.7,2.93,10,5.0
2025-09-09,Terça,Noite,Delivery/App,35,1398.95,39.97,12.09,10,4.8
2025-09-10,Quarta,Manhã,Salão,31,902.1,29.1,5.85,5,4.6
2025-09-10,Quarta,Manhã,Drive-Thru,50,1222.0,24.44,3.98,5,4.4
2025-09-10,Quarta,Manhã,Delivery/App,13,570.44,43.88,10.4,5,4.4
2025-09-10,Quarta,Tarde,Salão,51,1433.61,28.11,5.74,7,4.7
2025-09-10,Quarta,Tarde,Drive-Thru,72,2100.96,29.18,3.57,7,4.3
2025-09-10,Quarta,Tarde,Delivery/App,32,986.56,30.83,10.78,7,4.5
2025-09-10,Quarta,Noite,Salão,40,985.2,24.63,5.76,9,4.9
2025-09-10,Quarta,Noite,Drive-Thru,112,2815.68,25.14,3.97,9,4.8
2025-09-10,Quarta,Noite,Delivery/App,31,1139.87,36.77,11.91,9,4.7
2025-09-11,Quinta,Manhã,Salão,29,701.51,24.19,6.18,6,4.5
2025-09-11,Quinta,Manhã,Drive-Thru,46,1177.14,25.59,2.55,6,4.4
2025-09-11,Quinta,Manhã,Delivery/App,12,429.84,35.82,9.97,6,4.5
2025-09-11,Quinta,Tarde,Salão,48,1501.44,31.28,5.51,7,4.5
2025-09-11,Quinta,Tarde,Drive-Thru,91,2653.56,29.16,3.87,7,4.6
2025-09-11,Quinta,Tarde,Delivery/App,31,994.79,32.09,10.85,7,4.5
2025-09-11,Quinta,Noite,Salão,38,1194.72,31.44,6.37,9,4.8
2025-09-11,Quinta,Noite,Drive-Thru,104,3548.48,34.12,3.92,9,4.5
2025-09-11,Quinta,Noite,Delivery/App,35,1394.75,39.85,10.94,9,4.4
2025-09-12,Sexta,Manhã,Salão,33,1111.44,33.68,6.23,6,4.6
2025-09-12,Sexta,Manhã,Drive-Thru,61,2108.77,34.57,3.52,6,4.8
2025-09-12,Sexta,Manhã,Delivery/App,17,607.07,35.71,9.99,6,4.7
2025-09-12,Sexta,Tarde,Salão,77,1707.86,22.18,5.72,10,4.7
2025-09-12,Sexta,Tarde,Drive-Thru,141,5053.44,35.84,4.01,10,4.2
2025-09-12,Sexta,Tarde,Delivery/App,35,1399.65,39.99,10.57,10,4.9
2025-09-12,Sexta,Noite,Salão,56,1377.6,24.6,6.91,9,4.4
2025-09-12,Sexta,Noite,Drive-Thru,140,3770.2,26.93,4.0,9,4.2
2025-09-12,Sexta,Noite,Delivery/App,59,1822.51,30.89,11.73,9,4.6
2025-09-13,Sábado,Manhã,Salão,31,792.05,25.55,5.8,4,4.6
2025-09-13,Sábado,Manhã,Drive-Thru,58,1880.36,32.42,4.32,4,4.6
2025-09-13,Sábado,Manhã,Delivery/App,18,677.7,37.65,10.66,4,4.5
2025-09-13,Sábado,Tarde,Salão,60,1982.4,33.04,6.0,9,4.7
2025-09-13,Sábado,Tarde,Drive-Thru,114,3862.32,33.88,3.28,9,4.6
2025-09-13,Sábado,Tarde,Delivery/App,39,1318.98,33.82,10.78,9,4.8
2025-09-13,Sábado,Noite,Salão,69,1831.95,26.55,6.08,13,5.0
2025-09-13,Sábado,Noite,Drive-Thru,145,5073.55,34.99,3.35,13,4.5
2025-09-13,Sábado,Noite,Delivery/App,46,1572.28,34.18,11.01,13,5.0
2025-09-14,Domingo,Manhã,Salão,37,1134.42,30.66,5.25,6,4.7
2025-09-14,Domingo,Manhã,Drive-Thru,62,2107.38,33.99,3.56,6,4.7
2025-09-14,Domingo,Manhã,Delivery/App,17,758.54,44.62,10.65,6,4.3
2025-09-14,Domingo,Tarde,Salão,66,1786.62,27.07,5.05,12,5.0
2025-09-14,Domingo,Tarde,Drive-Thru,132,4551.36,34.48,2.63,12,4.9
2025-09-14,Domingo,Tarde,Delivery/App,38,1402.2,36.9,10.31,12,4.7
2025-09-14,Domingo,Noite,Salão,60,1429.2,23.82,6.62,11,4.6
2025-09-14,Domingo,Noite,Drive-Thru,120,3458.4,28.82,3.54,11,4.6
2025-09-14,Domingo,Noite,Delivery/App,46,1394.26,30.31,12.23,11,4.7
2025-09-15,Segunda,Manhã,Salão,29,978.17,33.73,6.05,5,4.5
2025-09-15,Segunda,Manhã,Drive-Thru,53,1322.88,24.96,2.88,5,4.8
2025-09-15,Segunda,Manhã,Delivery/App,11,423.06,38.46,10.2,5,4.7
2025-09-15,Segunda,Tarde,Salão,62,1449.56,23.38,6.2,7,4.7
2025-09-15,Segunda,Tarde,Drive-Thru,86,2335.76,27.16,3.24,7,4.5
2025-09-15,Segunda,Tarde,Delivery/App,33,1346.73,40.81,10.7,7,4.5
2025-09-15,Segunda,Noite,Salão,46,1380.46,30.01,6.11,10,4.6
2025-09-15,Segunda,Noite,Drive-Thru,87,3087.63,35.49,3.64,10,4.8
2025-09-15,Segunda,Noite,Delivery/App,33,1387.32,42.04,11.28,10,4.6
2025-09-16,Terça,Manhã,Salão,30,668.7,22.29,5.99,4,4.8
2025-09-16,Terça,Manhã,Drive-Thru,51,1831.92,35.92,3.09,4,4.7
2025-09-16,Terça,Manhã,Delivery/App,13,498.81,38.37,10.18,4,4.6
2025-09-16,Terça,Tarde,Salão,56,1503.6,26.85,5.36,8,4.7
2025-09-16,Terça,Tarde,Drive-Thru,85,2233.8,26.28,3.24,8,4.6
2025-09-16,Terça,Tarde,Delivery/App,29,1056.18,36.42,11.67,8,4.7
2025-09-16,Terça,Noite,Salão,41,1022.95,24.95,5.93,9,4.8
2025-09-16,Terça,Noite,Drive-Thru,99,3236.31,32.69,3.24,9,5.0
2025-09-16,Terça,Noite,Delivery/App,36,1417.68,39.38,11.73,9,4.2
2025-09-17,Quarta,Manhã,Salão,28,887.32,31.69,5.23,5,4.6
2025-09-17,Quarta,Manhã,Drive-Thru,51,1696.77,33.27,3.91,5,4.7
2025-09-17,Quarta,Manhã,Delivery/App,11,481.8,43.8,9.73,5,4.4
2025-09-17,Quarta,Tarde,Salão,57,1532.16,26.88,6.73,6,4.4
2025-09-17,Quarta,Tarde,Drive-Thru,100,3417.0,34.17,3.44,6,4.8
2025-09-17,Quarta,Tarde,Delivery/App,25,794.5,31.78,10.97,6,4.4
2025-09-17,Quarta,Noite,Salão,46,1142.64,24.84,6.93,8,4.4
2025-09-17,Quarta,Noite,Drive-Thru,114,3936.42,34.53,3.66,8,4.8
2025-09-17,Quarta,Noite,Delivery/App,34,1103.98,32.47,11.92,8,4.2
2025-09-18,Quinta,Manhã,Salão,31,758.88,24.48,6.64,5,4.6
2025-09-18,Quinta,Manhã,Drive-Thru,54,1501.74,27.81,3.6,5,4.5
2025-09-18,Quinta,Manhã,Delivery/App,11,336.27,30.57,10.49,5,4.6
2025-09-18,Quinta,Tarde,Salão,60,1753.2,29.22,6.31,6,4.6
2025-09-18,Quinta,Tarde,Drive-Thru,88,2796.64,31.78,3.15,6,4.6
2025-09-18,Quinta,Tarde,Delivery/App,27,995.49,36.87,10.67,6,4.6
2025-09-18,Quinta,Noite,Salão,38,1072.74,28.23,5.59,10,4.8
2025-09-18,Quinta,Noite,Drive-Thru,105,3255.0,31.0,3.65,10,4.6
2025-09-18,Quinta,Noite,Delivery/App,40,1591.6,39.79,11.39,10,4.3
2025-09-19,Sexta,Manhã,Salão,33,755.7,22.9,6.31,6,4.2
2025-09-19,Sexta,Manhã,Drive-Thru,61,1775.1,29.1,3.53,6,4.6
2025-09-19,Sexta,Manhã,Delivery/App,12,515.4,42.95,10.62,6,4.6
2025-09-19,Sexta,Tarde,Salão,65,1987.05,30.57,5.97,8,4.8
2025-09-19,Sexta,Tarde,Drive-Thru,143,4307.16,30.12,4.55,8,4.2
2025-09-19,Sexta,Tarde,Delivery/App,31,1152.89,37.19,11.23,8,4.5
2025-09-19,Sexta,Noite,Salão,59,1984.17,33.63,5.36,13,4.7
2025-09-19,Sexta,Noite,Drive-Thru,147,3995.46,27.18,3.6,13,4.7
2025-09-19,Sexta,Noite,Delivery/App,63,2758.77,43.79,11.15,13,4.7
2025-09-20,Sábado,Manhã,Salão,37,960.89,25.97,6.56,7,4.4
2025-09-20,Sábado,Manhã,Drive-Thru,54,1360.8,25.2,2.67,7,4.3
2025-09-20,Sábado,Manhã,Delivery/App,12,409.32,34.11,9.12,7,4.6
2025-09-20,Sábado,Tarde,Salão,79,1904.69,24.11,5.71,10,4.6
2025-09-20,Sábado,Tarde,Drive-Thru,122,3834.46,31.43,3.15,10,5.0
2025-09-20,Sábado,Tarde,Delivery/App,40,1225.2,30.63,10.48,10,4.7
2025-09-20,Sábado,Noite,Salão,51,1499.4,29.4,5.62,14,4.5
2025-09-20,Sábado,Noite,Drive-Thru,145,4132.5,28.5,3.36,14,4.3
2025-09-20,Sábado,Noite,Delivery/App,49,2246.16,45.84,11.23,14,4.4
2025-09-21,Domingo,Manhã,Salão,38,1173.82,30.89,5.37,8,4.6
2025-09-21,Domingo,Manhã,Drive-Thru,67,2129.26,31.78,2.93,8,4.4
2025-09-21,Domingo,Manhã,Delivery/App,17,737.8,43.4,10.28,8,4.8
2025-09-21,Domingo,Tarde,Salão,57,1777.26,31.18,5.52,9,4.5
2025-09-21,Domingo,Tarde,Drive-Thru,135,3372.3,24.98,3.54,9,4.6
2025-09-21,Domingo,Tarde,Delivery/App,40,1500.8,37.52,10.95,9,4.7
2025-09-21,Domingo,Noite,Salão,55,1605.45,29.19,6.18,10,4.5
2025-09-21,Domingo,Noite,Drive-Thru,137,3853.81,28.13,3.86,10,4.7
2025-09-21,Domingo,Noite,Delivery/App,51,1753.38,34.38,12.06,10,4.6
2025-09-22,Segunda,Manhã,Salão,28,844.48,30.16,6.62,4,4.2
2025-09-22,Segunda,Manhã,Drive-Thru,41,1320.61,32.21,3.24,4,4.3
2025-09-22,Segunda,Manhã,Delivery/App,12,546.12,45.51,10.63,4,4.6
2025-09-22,Segunda,Tarde,Salão,46,1162.42,25.27,6.34,9,4.7
2025-09-22,Segunda,Tarde,Drive-Thru,85,2145.4,25.24,3.26,9,4.7
2025-09-22,Segunda,Tarde,Delivery/App,26,1125.54,43.29,11.32,9,4.4
2025-09-22,Segunda,Noite,Salão,44,1138.72,25.88,5.74,10,4.9
2025-09-22,Segunda,Noite,Drive-Thru,85,2516.0,29.6,3.13,10,4.8
2025-09-22,Segunda,Noite,Delivery/App,39,1703.52,43.68,11.18,10,4.5
2025-09-23,Terça,Manhã,Salão,22,615.12,27.96,5.42,6,4.1
2025-09-23,Terça,Manhã,Drive-Thru,46,1536.4,33.4,3.75,6,4.2
2025-09-23,Terça,Manhã,Delivery/App,12,422.64,35.22,10.15,6,4.4
2025-09-23,Terça,Tarde,Salão,49,1243.62,25.38,6.41,7,4.2
2025-09-23,Terça,Tarde,Drive-Thru,75,2056.5,27.42,3.51,7,4.7
2025-09-23,Terça,Tarde,Delivery/App,30,1153.2,38.44,10.92,7,4.6
2025-09-23,Terça,Noite,Salão,45,1039.5,23.1,6.42,9,4.3
2025-09-23,Terça,Noite,Drive-Thru,96,3253.44,33.89,3.49,9,4.7
2025-09-23,Terça,Noite,Delivery/App,40,1546.4,38.66,11.55,9,4.7
2025-09-24,Quarta,Manhã,Salão,31,683.24,22.04,6.32,4,4.6
2025-09-24,Quarta,Manhã,Drive-Thru,38,1154.82,30.39,2.8,4,4.8
2025-09-24,Quarta,Manhã,Delivery/App,10,329.9,32.99,10.42,4,4.9
2025-09-24,Quarta,Tarde,Salão,57,1337.79,23.47,4.97,10,4.8
2025-09-24,Quarta,Tarde,Drive-Thru,73,1908.22,26.14,2.31,10,4.9
2025-09-24,Quarta,Tarde,Delivery/App,33,1278.42,38.74,10.8,10,4.7
2025-09-24,Quarta,Noite,Salão,44,1201.64,27.31,5.16,12,4.9
2025-09-24,Quarta,Noite,Drive-Thru,134,4597.54,34.31,2.86,12,4.8
2025-09-24,Quarta,Noite,Delivery/App,36,1089.0,30.25,10.99,12,4.5
2025-09-25,Quinta,Manhã,Salão,21,538.65,25.65,5.46,5,4.5
2025-09-25,Quinta,Manhã,Drive-Thru,40,1256.0,31.4,3.25,5,4.6
2025-09-25,Quinta,Manhã,Delivery/App,10,432.2,43.22,10.16,5,4.5
2025-09-25,Quinta,Tarde,Salão,54,1197.72,22.18,5.91,9,4.5
2025-09-25,Quinta,Tarde,Drive-Thru,99,2554.2,25.8,3.23,9,4.3
2025-09-25,Quinta,Tarde,Delivery/App,23,753.48,32.76,10.35,9,4.5
2025-09-25,Quinta,Noite,Salão,47,1156.67,24.61,6.37,9,4.4
2025-09-25,Quinta,Noite,Drive-Thru,119,3827.04,32.16,3.97,9,4.4
2025-09-25,Quinta,Noite,Delivery/App,31,1267.9,40.9,11.17,9,4.6
2025-09-26,Sexta,Manhã,Salão,33,1054.68,31.96,5.6,7,4.5
2025-09-26,Sexta,Manhã,Drive-Thru,68,1685.04,24.78,2.98,7,4.7
2025-09-26,Sexta,Manhã,Delivery/App,15,504.3,33.62,10.09,7,4.7
2025-09-26,Sexta,Tarde,Salão,76,1978.28,26.03,6.48,10,4.6
2025-09-26,Sexta,Tarde,Drive-Thru,127,3073.4,24.2,3.52,10,4.7
2025-09-26,Sexta,Tarde,Delivery/App,34,1224.34,36.01,10.52,10,4.8
2025-09-26,Sexta,Noite,Salão,50,1693.5,33.87,5.35,12,4.8
2025-09-26,Sexta,Noite,Drive-Thru,150,5203.5,34.69,3.21,12,4.3
2025-09-26,Sexta,Noite,Delivery/App,48,2143.2,44.65,11.68,12,4.4
2025-09-27,Sábado,Manhã,Salão,32,954.88,29.84,6.06,4,4.5
2025-09-27,Sábado,Manhã,Drive-Thru,66,2108.04,31.94,3.28,4,4.4
2025-09-27,Sábado,Manhã,Delivery/App,18,565.74,31.43,10.7,4,4.4
2025-09-27,Sábado,Tarde,Salão,67,1961.09,29.27,5.65,10,4.9
2025-09-27,Sábado,Tarde,Drive-Thru,141,4840.53,34.33,3.0,10,4.7
2025-09-27,Sábado,Tarde,Delivery/App,44,1751.64,39.81,10.39,10,5.0
2025-09-27,Sábado,Noite,Salão,59,1922.22,32.58,7.2,8,4.6
2025-09-27,Sábado,Noite,Drive-Thru,148,5154.84,34.83,3.53,8,4.9
2025-09-27,Sábado,Noite,Delivery/App,46,1913.6,41.6,12.09,8,4.5
2025-09-28,Domingo,Manhã,Salão,28,627.76,22.42,6.14,6,4.1
2025-09-28,Domingo,Manhã,Drive-Thru,70,1764.7,25.21,3.76,6,4.6
2025-09-28,Domingo,Manhã,Delivery/App,15,500.1,33.34,9.96,6,4.7
2025-09-28,Domingo,Tarde,Salão,74,1972.1,26.65,5.68,9,4.6
2025-09-28,Domingo,Tarde,Drive-Thru,147,4511.43,30.69,2.81,9,4.6
2025-09-28,Domingo,Tarde,Delivery/App,31,1163.43,37.53,11.23,9,4.5
2025-09-28,Domingo,Noite,Salão,61,1911.13,31.33,6.42,10,4.5
2025-09-28,Domingo,Noite,Drive-Thru,130,3277.3,25.21,3.93,10,4.8
2025-09-28,Domingo,Noite,Delivery/App,50,2161.0,43.22,11.94,10,4.8
2025-09-29,Segunda,Manhã,Salão,27,872.64,32.32,5.42,5,4.5
2025-09-29,Segunda,Manhã,Drive-Thru,51,1575.9,30.9,3.29,5,4.6
2025-09-29,Segunda,Manhã,Delivery/App,15,456.9,30.46,10.48,5,4.4
2025-09-29,Segunda,Tarde,Salão,50,1605.5,32.11,5.55,9,4.9
2025-09-29,Segunda,Tarde,Drive-Thru,79,2433.99,30.81,3.47,9,4.4
2025-09-29,Segunda,Tarde,Delivery/App,29,1266.72,43.68,10.61,9,4.5
2025-09-29,Segunda,Noite,Salão,43,1180.78,27.46,5.4,12,4.6
2025-09-29,Segunda,Noite,Drive-Thru,117,3181.23,27.19,3.27,12,5.0
2025-09-29,Segunda,Noite,Delivery/App,41,1659.68,40.48,10.55,12,4.6
2025-09-30,Terça,Manhã,Salão,26,723.06,27.81,6.02,4,4.6
2025-09-30,Terça,Manhã,Drive-Thru,39,1197.3,30.7,3.76,4,4.4
2025-09-30,Terça,Manhã,Delivery/App,14,453.74,32.41,10.91,4,4.4
2025-09-30,Terça,Tarde,Salão,50,1251.5,25.03,5.97,10,4.5
2025-09-30,Terça,Tarde,Drive-Thru,105,2789.85,26.57,3.45,10,4.4
2025-09-30,Terça,Tarde,Delivery/App,32,1465.6,45.8,11.36,10,4.7
2025-09-30,Terça,Noite,Salão,37,1185.11,32.03,5.99,11,4.3
2025-09-30,Terça,Noite,Drive-Thru,99,3271.95,33.05,2.94,11,4.8
2025-09-30,Terça,Noite,Delivery/App,36,1539.36,42.76,11.48,11,4.3
2025-10-01,Quarta,Manhã,Salão,24,619.2,25.8,5.42,5,5.0
2025-10-01,Quarta,Manhã,Drive-Thru,42,1430.1,34.05,3.28,5,4.3
2025-10-01,Quarta,Manhã,Delivery/App,13,394.29,30.33,10.35,5,4.5
2025-10-01,Quarta,Tarde,Salão,55,1586.2,28.84,5.78,10,4.4
2025-10-01,Quarta,Tarde,Drive-Thru,82,2290.26,27.93,2.59,10,4.8
2025-10-01,Quarta,Tarde,Delivery/App,28,944.44,33.73,9.88,10,4.9
2025-10-01,Quarta,Noite,Salão,43,949.01,22.07,6.12,10,4.6
2025-10-01,Quarta,Noite,Drive-Thru,92,2809.68,30.54,3.85,10,4.4
2025-10-01,Quarta,Noite,Delivery/App,37,1300.55,35.15,11.77,10,4.7
2025-10-02,Quinta,Manhã,Salão,27,865.08,32.04,5.52,6,4.8
2025-10-02,Quinta,Manhã,Drive-Thru,45,1195.2,26.56,2.79,6,4.5
2025-10-02,Quinta,Manhã,Delivery/App,10,398.1,39.81,10.79,6,4.6
2025-10-02,Quinta,Tarde,Salão,62,1556.82,25.11,5.49,9,4.6
2025-10-02,Quinta,Tarde,Drive-Thru,93,2916.48,31.36,3.75,9,4.5
2025-10-02,Quinta,Tarde,Delivery/App,33,1092.3,33.1,11.06,9,4.4
2025-10-02,Quinta,Noite,Salão,42,1272.6,30.3,5.7,12,4.6
2025-10-02,Quinta,Noite,Drive-Thru,122,3939.38,32.29,3.39,12,4.7
2025-10-02,Quinta,Noite,Delivery/App,38,1438.68,37.86,10.85,12,4.9
2025-10-03,Sexta,Manhã,Salão,32,850.56,26.58,5.28,6,4.5
2025-10-03,Sexta,Manhã,Drive-Thru,56,1844.08,32.93,2.27,6,4.6
2025-10-03,Sexta,Manhã,Delivery/App,18,710.64,39.48,11.11,6,4.4
2025-10-03,Sexta,Tarde,Salão,69,1938.21,28.09,5.29,11,4.7
2025-10-03,Sexta,Tarde,Drive-Thru,123,3247.2,26.4,3.88,11,4.3
2025-10-03,Sexta,Tarde,Delivery/App,36,1572.12,43.67,10.19,11,4.8
2025-10-03,Sexta,Noite,Salão,54,1252.8,23.2,5.35,13,5.0
2025-10-03,Sexta,Noite,Drive-Thru,112,3613.12,32.26,3.12,13,4.7
2025-10-03,Sexta,Noite,Delivery/App,53,2033.61,38.37,11.57,13,4.6
2025-10-04,Sábado,Manhã,Salão,28,932.96,33.32,5.26,8,4.3
2025-10-04,Sábado,Manhã,Drive-Thru,65,1880.45,28.93,3.15,8,4.8
2025-10-04,Sábado,Manhã,Delivery/App,14,599.34,42.81,9.7,8,4.5
2025-10-04,Sábado,Tarde,Salão,90,2986.2,33.18,6.94,8,4.4
2025-10-04,Sábado,Tarde,Drive-Thru,140,4075.4,29.11,3.79,8,4.6
2025-10-04,Sábado,Tarde,Delivery/App,36,1178.64,32.74,11.03,8,4.7
2025-10-04,Sábado,Noite,Salão,58,1486.54,25.63,6.33,12,4.6
2025-10-04,Sábado,Noite,Drive-Thru,105,3612.0,34.4,3.05,12,4.6
2025-10-04,Sábado,Noite,Delivery/App,51,1644.75,32.25,11.42,12,4.7
2025-10-05,Domingo,Manhã,Salão,31,947.98,30.58,4.56,7,4.6
2025-10-05,Domingo,Manhã,Drive-Thru,72,2069.28,28.74,3.28,7,4.3
2025-10-05,Domingo,Manhã,Delivery/App,14,464.1,33.15,10.0,7,4.7
2025-10-05,Domingo,Tarde,Salão,76,2483.68,32.68,6.55,7,4.6
2025-10-05,Domingo,Tarde,Drive-Thru,122,4385.9,35.95,2.78,7,4.7
2025-10-05,Domingo,Tarde,Delivery/App,37,1409.7,38.1,11.25,7,4.5
2025-10-05,Domingo,Noite,Salão,60,1498.8,24.98,5.32,13,5.0
2025-10-05,Domingo,Noite,Drive-Thru,147,5083.26,34.58,2.48,13,4.8
2025-10-05,Domingo,Noite,Delivery/App,58,1808.44,31.18,11.14,13,4.4
2025-10-06,Segunda,Manhã,Salão,23,691.84,30.08,5.51,4,4.4
2025-10-06,Segunda,Manhã,Drive-Thru,41,1243.53,30.33,3.53,4,4.5
2025-10-06,Segunda,Manhã,Delivery/App,12,523.08,43.59,10.12,4,4.3
2025-10-06,Segunda,Tarde,Salão,58,1360.1,23.45,6.09,8,4.5
2025-10-06,Segunda,Tarde,Drive-Thru,103,3031.29,29.43,4.46,8,4.6
2025-10-06,Segunda,Tarde,Delivery/App,25,804.5,32.18,11.38,8,4.9
2025-10-06,Segunda,Noite,Salão,44,1348.16,30.64,5.44,12,4.8
2025-10-06,Segunda,Noite,Drive-Thru,88,2167.44,24.63,3.19,12,4.6
2025-10-06,Segunda,Noite,Delivery/App,42,1311.66,31.23,11.3,12,4.8
2025-10-07,Terça,Manhã,Salão,25,689.25,27.57,5.63,4,4.6
2025-10-07,Terça,Manhã,Drive-Thru,46,1622.88,35.28,3.12,4,4.7
2025-10-07,Terça,Manhã,Delivery/App,13,466.18,35.86,10.61,4,4.3
2025-10-07,Terça,Tarde,Salão,51,1143.93,22.43,6.01,10,4.8
2025-10-07,Terça,Tarde,Drive-Thru,82,2912.64,35.52,2.65,10,4.5
2025-10-07,Terça,Tarde,Delivery/App,34,1425.96,41.94,10.79,10,5.0
2025-10-07,Terça,Noite,Salão,47,1035.88,22.04,5.92,10,4.5
2025-10-07,Terça,Noite,Drive-Thru,88,2556.4,29.05,2.75,10,4.8
2025-10-07,Terça,Noite,Delivery/App,45,1669.95,37.11,12.16,10,4.7
2025-10-08,Quarta,Manhã,Salão,27,712.8,26.4,5.71,6,4.7
2025-10-08,Quarta,Manhã,Drive-Thru,45,1161.0,25.8,2.78,6,4.7
2025-10-08,Quarta,Manhã,Delivery/App,12,423.24,35.27,10.46,6,4.5
2025-10-08,Quarta,Tarde,Salão,46,1163.34,25.29,6.0,9,4.5
2025-10-08,Quarta,Tarde,Drive-Thru,80,2855.2,35.69,2.92,9,4.9
2025-10-08,Quarta,Tarde,Delivery/App,23,914.48,39.76,10.93,9,4.6
2025-10-08,Quarta,Noite,Salão,43,1401.37,32.59,5.1,12,5.0
2025-10-08,Quarta,Noite,Drive-Thru,87,2352.48,27.04,2.55,12,4.6
2025-10-08,Quarta,Noite,Delivery/App,41,1464.93,35.73,11.13,12,4.8
2025-10-09,Quinta,Manhã,Salão,25,670.5,26.82,5.59,5,4.4
2025-10-09,Quinta,Manhã,Drive-Thru,45,1190.7,26.46,2.5,5,4.5
2025-10-09,Quinta,Manhã,Delivery/App,11,466.29,42.39,10.61,5,4.8
2025-10-09,Quinta,Tarde,Salão,48,1332.0,27.75,5.73,8,4.7
2025-10-09,Quinta,Tarde,Drive-Thru,108,2846.88,26.36,4.04,8,4.8
2025-10-09,Quinta,Tarde,Delivery/App,31,1178.93,38.03,11.02,8,4.4
2025-10-09,Quinta,Noite,Salão,40,1069.2,26.73,6.66,9,4.2
2025-10-09,Quinta,Noite,Drive-Thru,112,3162.88,28.24,4.08,9,4.4
2025-10-09,Quinta,Noite,Delivery/App,40,1495.2,37.38,10.95,9,4.7
2025-10-10,Sexta,Manhã,Salão,37,1233.21,33.33,5.56,7,4.9
2025-10-10,Sexta,Manhã,Drive-Thru,70,2319.8,33.14,3.26,7,4.5
2025-10-10,Sexta,Manhã,Delivery/App,22,851.4,38.7,10.88,7,4.4
2025-10-10,Sexta,Tarde,Salão,66,1765.5,26.75,5.55,12,4.4
2025-10-10,Sexta,Tarde,Drive-Thru,126,3680.46,29.21,3.8,12,4.8
2025-10-10,Sexta,Tarde,Delivery/App,38,1273.38,33.51,10.82,12,4.8
2025-10-10,Sexta,Noite,Salão,55,1271.6,23.12,5.23,12,4.8
2025-10-10,Sexta,Noite,Drive-Thru,113,3863.47,34.19,3.0,12,4.9
2025-10-10,Sexta,Noite,Delivery/App,50,1947.0,38.94,11.21,12,4.3
2025-10-11,Sábado,Manhã,Salão,36,794.16,22.06,7.38,4,4.5
2025-10-11,Sábado,Manhã,Drive-Thru,64,2240.0,35.0,4.23,4,4.7
2025-10-11,Sábado,Manhã,Delivery/App,18,582.66,32.37,10.92,4,4.7
2025-10-11,Sábado,Tarde,Salão,71,1828.96,25.76,6.2,6,4.8
2025-10-11,Sábado,Tarde,Drive-Thru,128,3624.96,28.32,4.08,6,4.5
2025-10-11,Sábado,Tarde,Delivery/App,41,1517.82,37.02,11.5,6,4.4
2025-10-11,Sábado,Noite,Salão,47,1095.57,23.31,6.5,11,4.5
2025-10-11,Sábado,Noite,Drive-Thru,153,4909.77,32.09,3.94,11,4.4
2025-10-11,Sábado,Noite,Delivery/App,47,1846.63,39.29,12.31,11,4.5
2025-10-12,Domingo,Manhã,Salão,31,780.89,25.19,5.22,8,4.6
2025-10-12,Domingo,Manhã,Drive-Thru,59,1441.96,24.44,3.27,8,4.4
2025-10-12,Domingo,Manhã,Delivery/App,19,787.93,41.47,9.71,8,4.7
2025-10-12,Domingo,Tarde,Salão,72,2221.92,30.86,5.62,10,4.5
2025-10-12,Domingo,Tarde,Drive-Thru,127,4133.85,32.55,2.88,10,4.8
2025-10-12,Domingo,Tarde,Delivery/App,30,1231.5,41.05,11.04,10,4.5
2025-10-12,Domingo,Noite,Salão,58,1439.56,24.82,6.07,10,4.8
2025-10-12,Domingo,Noite,Drive-Thru,137,4733.35,34.55,2.97,10,4.6
2025-10-12,Domingo,Noite,Delivery/App,51,1623.33,31.83,11.2,10,4.5
2025-10-13,Segunda,Manhã,Salão,24,637.2,26.55,5.73,4,4.8
2025-10-13,Segunda,Manhã,Drive-Thru,58,1864.12,32.14,3.98,4,4.4
2025-10-13,Segunda,Manhã,Delivery/App,13,444.6,34.2,10.15,4,4.7
2025-10-13,Segunda,Tarde,Salão,53,1360.51,25.67,5.89,10,4.3
2025-10-13,Segunda,Tarde,Drive-Thru,88,2784.32,31.64,2.69,10,4.7
2025-10-13,Segunda,Tarde,Delivery/App,29,1281.8,44.2,10.01,10,5.0
2025-10-13,Segunda,Noite,Salão,45,1354.05,30.09,6.34,8,4.7
2025-10-13,Segunda,Noite,Drive-Thru,110,2964.5,26.95,3.01,8,4.9
2025-10-13,Segunda,Noite,Delivery/App,39,1456.65,37.35,12.37,8,4.8
2025-10-14,Terça,Manhã,Salão,25,773.25,30.93,6.22,5,4.4
2025-10-14,Terça,Manhã,Drive-Thru,52,1492.92,28.71,3.81,5,4.4
2025-10-14,Terça,Manhã,Delivery/App,12,490.44,40.87,10.22,5,4.2
2025-10-14,Terça,Tarde,Salão,65,1660.1,25.54,5.82,8,4.4
2025-10-14,Terça,Tarde,Drive-Thru,83,2922.43,35.21,4.12,8,4.6
2025-10-14,Terça,Tarde,Delivery/App,26,875.94,33.69,10.98,8,4.9
2025-10-14,Terça,Noite,Salão,38,998.26,26.27,5.61,9,4.4
2025-10-14,Terça,Noite,Drive-Thru,88,2767.6,31.45,3.57,9,4.6
2025-10-14,Terça,Noite,Delivery/App,36,1571.04,43.64,12.26,9,4.4
2025-10-15,Quarta,Manhã,Salão,33,1045.11,31.67,6.03,6,4.4
2025-10-15,Quarta,Manhã,Drive-Thru,46,1396.56,30.36,3.35,6,4.4
2025-10-15,Quarta,Manhã,Delivery/App,13,492.83,37.91,10.56,6,4.5
2025-10-15,Quarta,Tarde,Salão,56,1349.04,24.09,5.31,9,4.6
2025-10-15,Quarta,Tarde,Drive-Thru,85,2275.45,26.77,3.28,9,4.4
2025-10-15,Quarta,Tarde,Delivery/App,27,813.24,30.12,10.67,9,4.5
2025-10-15,Quarta,Noite,Salão,31,892.49,28.79,6.48,9,4.8
2025-10-15,Quarta,Noite,Drive-Thru,97,3435.74,35.42,3.82,9,4.8
2025-10-15,Quarta,Noite,Delivery/App,39,1606.8,41.2,11.8,9,5.0
2025-10-16,Quinta,Manhã,Salão,27,896.4,33.2,6.2,4,4.6
2025-10-16,Quinta,Manhã,Drive-Thru,45,1452.6,32.28,3.57,4,4.6
2025-10-16,Quinta,Manhã,Delivery/App,14,478.8,34.2,10.28,4,4.4
2025-10-16,Quinta,Tarde,Salão,51,1674.33,32.83,5.93,6,4.3
2025-10-16,Quinta,Tarde,Drive-Thru,85,2541.5,29.9,3.15,6,4.8
2025-10-16,Quinta,Tarde,Delivery/App,27,980.1,36.3,10.79,6,4.8
2025-10-16,Quinta,Noite,Salão,38,1241.08,32.66,6.62,8,4.8
2025-10-16,Quinta,Noite,Drive-Thru,78,2650.44,33.98,3.76,8,4.5
2025-10-16,Quinta,Noite,Delivery/App,41,1342.75,32.75,12.04,8,4.8
2025-10-17,Sexta,Manhã,Salão,34,793.9,23.35,6.09,8,4.4
2025-10-17,Sexta,Manhã,Drive-Thru,71,2155.56,30.36,3.92,8,4.4
2025-10-17,Sexta,Manhã,Delivery/App,18,667.44,37.08,10.27,8,4.3
2025-10-17,Sexta,Tarde,Salão,68,1517.76,22.32,5.09,9,4.8
2025-10-17,Sexta,Tarde,Drive-Thru,113,3293.95,29.15,3.56,9,4.7
2025-10-17,Sexta,Tarde,Delivery/App,40,1834.4,45.86,10.88,9,5.0
2025-10-17,Sexta,Noite,Salão,59,1903.93,32.27,6.13,10,4.5
2025-10-17,Sexta,Noite,Drive-Thru,165,4704.15,28.51,3.61,10,4.9
2025-10-17,Sexta,Noite,Delivery/App,44,1479.28,33.62,11.31,10,4.8
2025-10-18,Sábado,Manhã,Salão,36,1136.16,31.56,6.22,6,4.7
2025-10-18,Sábado,Manhã,Drive-Thru,51,1526.94,29.94,2.58,6,5.0
2025-10-18,Sábado,Manhã,Delivery/App,16,549.12,34.32,10.44,6,4.3
2025-10-18,Sábado,Tarde,Salão,67,1922.9,28.7,6.28,7,4.6
2025-10-18,Sábado,Tarde,Drive-Thru,127,3175.0,25.0,3.09,7,4.6
2025-10-18,Sábado,Tarde,Delivery/App,43,1560.9,36.3,11.17,7,4.2
2025-10-18,Sábado,Noite,Salão,65,2080.65,32.01,5.92,12,4.6
2025-10-18,Sábado,Noite,Drive-Thru,105,3621.45,34.49,3.39,12,4.4
2025-10-18,Sábado,Noite,Delivery/App,58,2537.5,43.75,12.5,12,4.5
2025-10-19,Domingo,Manhã,Salão,32,983.68,30.74,6.08,5,4.3
2025-10-19,Domingo,Manhã,Drive-Thru,61,1754.36,28.76,3.55,5,4.8
2025-10-19,Domingo,Manhã,Delivery/App,18,631.08,35.06,11.14,5,4.4
2025-10-19,Domingo,Tarde,Salão,65,2163.2,33.28,5.85,7,4.9
2025-10-19,Domingo,Tarde,Drive-Thru,111,3479.85,31.35,4.06,7,4.3
2025-10-19,Domingo,Tarde,Delivery/App,45,1421.55,31.59,12.06,7,4.6
2025-10-19,Domingo,Noite,Salão,59,1985.94,33.66,5.87,10,4.3
2025-10-19,Domingo,Noite,Drive-Thru,141,4409.07,31.27,3.37,10,4.5
2025-10-19,Domingo,Noite,Delivery/App,49,1971.27,40.23,11.4,10,4.7
2025-10-20,Segunda,Manhã,Salão,25,594.5,23.78,5.8,5,4.9
2025-10-20,Segunda,Manhã,Drive-Thru,42,1123.08,26.74,3.87,5,4.1
2025-10-20,Segunda,Manhã,Delivery/App,12,385.68,32.14,10.59,5,4.9
2025-10-20,Segunda,Tarde,Salão,52,1761.76,33.88,5.18,9,4.6
2025-10-20,Segunda,Tarde,Drive-Thru,93,3206.64,34.48,3.69,9,4.7
2025-10-20,Segunda,Tarde,Delivery/App,33,1311.75,39.75,11.4,9,4.1
2025-10-20,Segunda,Noite,Salão,54,1644.84,30.46,6.47,12,4.4
2025-10-20,Segunda,Noite,Drive-Thru,92,2952.28,32.09,2.99,12,4.5
2025-10-20,Segunda,Noite,Delivery/App,26,856.96,32.96,11.04,12,4.4
2025-10-21,Terça,Manhã,Salão,22,621.28,28.24,5.37,6,5.0
2025-10-21,Terça,Manhã,Drive-Thru,59,2103.94,35.66,3.88,6,4.2
2025-10-21,Terça,Manhã,Delivery/App,10,332.3,33.23,10.3,6,4.3
2025-10-21,Terça,Tarde,Salão,59,1612.47,27.33,6.08,7,4.7
2025-10-21,Terça,Tarde,Drive-Thru,87,2987.58,34.34,3.41,7,4.5
2025-10-21,Terça,Tarde,Delivery/App,29,1043.13,35.97,11.2,7,4.6
2025-10-21,Terça,Noite,Salão,47,1305.66,27.78,6.2,9,4.7
2025-10-21,Terça,Noite,Drive-Thru,78,2138.76,27.42,3.52,9,4.4
2025-10-21,Terça,Noite,Delivery/App,23,1007.63,43.81,10.66,9,4.6
2025-10-22,Quarta,Manhã,Salão,27,621.81,23.03,5.27,6,4.6
2025-10-22,Quarta,Manhã,Drive-Thru,49,1309.28,26.72,3.6,6,4.7
2025-10-22,Quarta,Manhã,Delivery/App,7,222.32,31.76,9.87,6,4.3
2025-10-22,Quarta,Tarde,Salão,55,1536.15,27.93,6.08,6,4.7
2025-10-22,Quarta,Tarde,Drive-Thru,79,2196.2,27.8,3.31,6,4.6
2025-10-22,Quarta,Tarde,Delivery/App,29,1287.02,44.38,11.06,6,4.8
2025-10-22,Quarta,Noite,Salão,39,1017.12,26.08,5.65,11,4.8
2025-10-22,Quarta,Noite,Drive-Thru,99,3313.53,33.47,2.89,11,4.8
2025-10-22,Quarta,Noite,Delivery/App,35,1417.85,40.51,11.32,11,4.5
2025-10-23,Quinta,Manhã,Salão,27,711.99,26.37,6.29,5,4.5
2025-10-23,Quinta,Manhã,Drive-Thru,45,1391.85,30.93,2.97,5,4.8
2025-10-23,Quinta,Manhã,Delivery/App,13,456.17,35.09,10.89,5,4.5
2025-10-23,Quinta,Tarde,Salão,48,1619.04,33.73,6.11,6,4.6
2025-10-23,Quinta,Tarde,Drive-Thru,106,2654.24,25.04,4.38,6,4.6
2025-10-23,Quinta,Tarde,Delivery/App,30,1290.9,43.03,10.66,6,4.8
2025-10-23,Quinta,Noite,Salão,45,1132.2,25.16,5.83,10,4.6
2025-10-23,Quinta,Noite,Drive-Thru,89,3124.79,35.11,3.58,10,4.5
2025-10-23,Quinta,Noite,Delivery/App,33,1146.75,34.75,11.36,10,5.0
2025-10-24,Sexta,Manhã,Salão,30,754.5,25.15,5.96,6,4.8
2025-10-24,Sexta,Manhã,Drive-Thru,66,1591.26,24.11,3.47,6,4.5
2025-10-24,Sexta,Manhã,Delivery/App,19,661.77,34.83,10.4,6,4.8
2025-10-24,Sexta,Tarde,Salão,49,1350.93,27.57,5.84,11,4.6
2025-10-24,Sexta,Tarde,Drive-Thru,136,3463.92,25.47,3.04,11,4.6
2025-10-24,Sexta,Tarde,Delivery/App,45,1809.9,40.22,10.79,11,4.5
2025-10-24,Sexta,Noite,Salão,76,2284.56,30.06,6.76,11,4.4
2025-10-24,Sexta,Noite,Drive-Thru,133,3355.59,25.23,3.13,11,4.8
2025-10-24,Sexta,Noite,Delivery/App,50,1520.5,30.41,11.73,11,4.8
2025-10-25,Sábado,Manhã,Salão,38,902.88,23.76,6.06,6,4.3
2025-10-25,Sábado,Manhã,Drive-Thru,70,1740.9,24.87,3.32,6,4.6
2025-10-25,Sábado,Manhã,Delivery/App,19,694.07,36.53,10.05,6,4.4
2025-10-25,Sábado,Tarde,Salão,79,2494.82,31.58,6.53,9,4.7
2025-10-25,Sábado,Tarde,Drive-Thru,101,2981.52,29.52,3.04,9,4.9
2025-10-25,Sábado,Tarde,Delivery/App,44,1602.92,36.43,11.17,9,4.6
2025-10-25,Sábado,Noite,Salão,52,1563.64,30.07,6.07,11,4.8
2025-10-25,Sábado,Noite,Drive-Thru,170,4290.8,25.24,3.49,11,4.7
2025-10-25,Sábado,Noite,Delivery/App,49,1995.28,40.72,12.08,11,4.7
2025-10-26,Domingo,Manhã,Salão,37,1059.68,28.64,6.02,5,4.7
2025-10-26,Domingo,Manhã,Drive-Thru,77,1961.19,25.47,4.03,5,4.4
2025-10-26,Domingo,Manhã,Delivery/App,19,726.75,38.25,10.8,5,4.6
2025-10-26,Domingo,Tarde,Salão,70,1733.9,24.77,6.32,9,4.6
2025-10-26,Domingo,Tarde,Drive-Thru,146,4914.36,33.66,3.56,9,4.7
2025-10-26,Domingo,Tarde,Delivery/App,41,1523.15,37.15,10.74,9,4.5
2025-10-26,Domingo,Noite,Salão,45,1472.85,32.73,6.58,10,4.4
2025-10-26,Domingo,Noite,Drive-Thru,143,4597.45,32.15,3.49,10,4.9
2025-10-26,Domingo,Noite,Delivery/App,47,1568.39,33.37,11.65,10,4.7
2025-10-27,Segunda,Manhã,Salão,26,705.38,27.13,6.05,6,4.5
2025-10-27,Segunda,Manhã,Drive-Thru,46,1460.96,31.76,2.86,6,4.4
2025-10-27,Segunda,Manhã,Delivery/App,11,431.64,39.24,10.41,6,4.7
2025-10-27,Segunda,Tarde,Salão,61,1843.42,30.22,6.27,9,4.8
2025-10-27,Segunda,Tarde,Drive-Thru,81,2682.72,33.12,2.71,9,5.0
2025-10-27,Segunda,Tarde,Delivery/App,28,1181.32,42.19,10.74,9,4.6
2025-10-27,Segunda,Noite,Salão,38,953.8,25.1,5.47,12,4.7
2025-10-27,Segunda,Noite,Drive-Thru,85,2408.05,28.33,3.14,12,4.6
2025-10-27,Segunda,Noite,Delivery/App,42,1875.3,44.65,10.36,12,4.8
2025-10-28,Terça,Manhã,Salão,21,612.78,29.18,5.71,5,4.7
2025-10-28,Terça,Manhã,Drive-Thru,51,1824.27,35.77,3.43,5,4.6
2025-10-28,Terça,Manhã,Delivery/App,11,348.26,31.66,10.75,5,4.9
2025-10-28,Terça,Tarde,Salão,64,1522.56,23.79,5.94,7,4.8
2025-10-28,Terça,Tarde,Drive-Thru,77,2389.31,31.03,3.19,7,4.9
2025-10-28,Terça,Tarde,Delivery/App,25,756.25,30.25,11.44,7,4.5
2025-10-28,Terça,Noite,Salão,39,1054.17,27.03,5.78,9,4.9
2025-10-28,Terça,Noite,Drive-Thru,104,2694.64,25.91,3.54,9,4.6
2025-10-28,Terça,Noite,Delivery/App,44,1906.52,43.33,11.01,9,5.0
2025-10-29,Quarta,Manhã,Salão,30,895.2,29.84,6.39,6,4.3
2025-10-29,Quarta,Manhã,Drive-Thru,39,1332.63,34.17,3.25,6,4.8
2025-10-29,Quarta,Manhã,Delivery/App,12,438.0,36.5,10.16,6,4.7
2025-10-29,Quarta,Tarde,Salão,59,1510.4,25.6,5.86,9,4.6
2025-10-29,Quarta,Tarde,Drive-Thru,76,2046.68,26.93,2.43,9,4.8
2025-10-29,Quarta,Tarde,Delivery/App,30,900.0,30.0,11.14,9,4.5
2025-10-29,Quarta,Noite,Salão,47,1102.15,23.45,6.73,8,4.2
2025-10-29,Quarta,Noite,Drive-Thru,107,3816.69,35.67,3.51,8,4.5
2025-10-29,Quarta,Noite,Delivery/App,34,1267.52,37.28,11.49,8,4.9
2025-10-30,Quinta,Manhã,Salão,27,696.6,25.8,6.54,4,4.5
2025-10-30,Quinta,Manhã,Drive-Thru,41,1242.3,30.3,2.6,4,4.4
2025-10-30,Quinta,Manhã,Delivery/App,14,455.0,32.5,10.37,4,4.8
2025-10-30,Quinta,Tarde,Salão,47,1197.09,25.47,5.07,10,4.8
2025-10-30,Quinta,Tarde,Drive-Thru,89,2586.34,29.06,2.31,10,4.7
2025-10-30,Quinta,Tarde,Delivery/App,27,885.87,32.81,10.91,10,4.0
2025-10-30,Quinta,Noite,Salão,48,1453.92,30.29,6.38,11,4.7
2025-10-30,Quinta,Noite,Drive-Thru,91,2489.76,27.36,3.15,11,4.6
2025-10-30,Quinta,Noite,Delivery/App,31,1279.68,41.28,10.34,11,4.6
2025-10-31,Sexta,Manhã,Salão,31,738.73,23.83,5.93,6,4.7
2025-10-31,Sexta,Manhã,Drive-Thru,53,1596.36,30.12,3.39,6,5.0
2025-10-31,Sexta,Manhã,Delivery/App,18,557.28,30.96,10.44,6,4.6
2025-10-31,Sexta,Tarde,Salão,68,2124.32,31.24,5.96,8,4.8
2025-10-31,Sexta,Tarde,Drive-Thru,115,3908.85,33.99,4.05,8,4.8
2025-10-31,Sexta,Tarde,Delivery/App,45,1628.55,36.19,11.7,8,4.6
2025-10-31,Sexta,Noite,Salão,59,1967.06,33.34,6.0,11,4.6
2025-10-31,Sexta,Noite,Drive-Thru,157,3843.36,24.48,3.62,11,4.6
2025-10-31,Sexta,Noite,Delivery/App,51,1903.83,37.33,11.98,11,4.7
2025-11-01,Sábado,Manhã,Salão,35,963.55,27.53,5.45,6,4.5
2025-11-01,Sábado,Manhã,Drive-Thru,66,2094.84,31.74,2.89,6,4.7
2025-11-01,Sábado,Manhã,Delivery/App,14,452.9,32.35,10.34,6,4.6
2025-11-01,Sábado,Tarde,Salão,72,2139.12,29.71,6.56,8,4.5
2025-11-01,Sábado,Tarde,Drive-Thru,131,3755.77,28.67,3.52,8,4.5
2025-11-01,Sábado,Tarde,Delivery/App,37,1399.34,37.82,11.39,8,4.0
2025-11-01,Sábado,Noite,Salão,66,1459.26,22.11,7.28,12,4.6
2025-11-01,Sábado,Noite,Drive-Thru,127,3360.42,26.46,3.28,12,4.3
2025-11-01,Sábado,Noite,Delivery/App,53,2343.13,44.21,11.36,12,4.6
2025-11-02,Domingo,Manhã,Salão,40,1091.6,27.29,5.32,8,4.7
2025-11-02,Domingo,Manhã,Drive-Thru,43,1491.67,34.69,3.02,8,4.8
2025-11-02,Domingo,Manhã,Delivery/App,12,543.36,45.28,9.42,8,4.5
2025-11-02,Domingo,Tarde,Salão,82,2269.76,27.68,5.83,10,4.7
2025-11-02,Domingo,Tarde,Drive-Thru,133,3525.83,26.51,3.27,10,4.8
2025-11-02,Domingo,Tarde,Delivery/App,27,884.25,32.75,10.53,10,4.4
2025-11-02,Domingo,Noite,Salão,53,1477.11,27.87,6.07,12,4.9
2025-11-02,Domingo,Noite,Drive-Thru,141,4550.07,32.27,3.66,12,4.5
2025-11-02,Domingo,Noite,Delivery/App,62,2543.86,41.03,11.43,12,4.8
2025-11-03,Segunda,Manhã,Salão,23,526.01,22.87,5.42,6,4.6
2025-11-03,Segunda,Manhã,Drive-Thru,39,1261.65,32.35,2.67,6,4.6
2025-11-03,Segunda,Manhã,Delivery/App,10,379.7,37.97,9.31,6,4.7
2025-11-03,Segunda,Tarde,Salão,54,1761.48,32.62,6.44,7,4.7
2025-11-03,Segunda,Tarde,Drive-Thru,101,3301.69,32.69,4.66,7,4.5
2025-11-03,Segunda,Tarde,Delivery/App,31,948.29,30.59,11.54,7,4.4
2025-11-03,Segunda,Noite,Salão,48,1624.32,33.84,6.6,12,4.5
2025-11-03,Segunda,Noite,Drive-Thru,112,3187.52,28.46,2.84,12,4.6
2025-11-03,Segunda,Noite,Delivery/App,36,1256.76,34.91,11.09,12,4.7
2025-11-04,Terça,Manhã,Salão,28,628.6,22.45,6.4,4,4.5
2025-11-04,Terça,Manhã,Drive-Thru,51,1638.63,32.13,3.89,4,4.8
2025-11-04,Terça,Manhã,Delivery/App,13,477.75,36.75,10.69,4,4.7
2025-11-04,Terça,Tarde,Salão,42,1101.24,26.22,5.77,7,4.6
2025-11-04,Terça,Tarde,Drive-Thru,81,2899.8,35.8,3.79,7,4.5
2025-11-04,Terça,Tarde,Delivery/App,32,1398.72,43.71,11.54,7,4.5
2025-11-04,Terça,Noite,Salão,38,1189.4,31.3,6.24,10,4.6
2025-11-04,Terça,Noite,Drive-Thru,106,2970.12,28.02,3.25,10,4.7
2025-11-04,Terça,Noite,Delivery/App,36,1341.72,37.27,11.02,10,4.7
2025-11-05,Quarta,Manhã,Salão,21,499.59,23.79,5.84,6,4.6
2025-11-05,Quarta,Manhã,Drive-Thru,50,1688.5,33.77,2.69,6,4.9
2025-11-05,Quarta,Manhã,Delivery/App,12,461.16,38.43,11.08,6,4.5
2025-11-05,Quarta,Tarde,Salão,50,1456.0,29.12,5.88,6,4.4
2025-11-05,Quarta,Tarde,Drive-Thru,79,1970.26,24.94,3.54,6,4.4
2025-11-05,Quarta,Tarde,Delivery/App,35,1456.7,41.62,11.4,6,4.4
2025-11-05,Quarta,Noite,Salão,50,1540.5,30.81,6.45,12,4.7
2025-11-05,Quarta,Noite,Drive-Thru,102,2689.74,26.37,3.12,12,4.8
2025-11-05,Quarta,Noite,Delivery/App,34,1227.06,36.09,11.35,12,4.8
2025-11-06,Quinta,Manhã,Salão,29,805.91,27.79,5.73,6,4.3
2025-11-06,Quinta,Manhã,Drive-Thru,44,1239.48,28.17,2.33,6,4.6
2025-11-06,Quinta,Manhã,Delivery/App,13,425.49,32.73,9.42,6,4.5
2025-11-06,Quinta,Tarde,Salão,45,1219.05,27.09,5.33,8,4.7
2025-11-06,Quinta,Tarde,Drive-Thru,87,2451.66,28.18,3.72,8,4.5
2025-11-06,Quinta,Tarde,Delivery/App,41,1857.3,45.3,11.03,8,4.7
2025-11-06,Quinta,Noite,Salão,42,1111.32,26.46,5.85,11,4.6
2025-11-06,Quinta,Noite,Drive-Thru,111,3954.93,35.63,3.6,11,4.5
2025-11-06,Quinta,Noite,Delivery/App,40,1225.6,30.64,11.73,11,4.6
2025-11-07,Sexta,Manhã,Salão,37,1255.04,33.92,5.7,7,4.7
2025-11-07,Sexta,Manhã,Drive-Thru,46,1609.08,34.98,2.9,7,4.6
2025-11-07,Sexta,Manhã,Delivery/App,15,547.2,36.48,10.09,7,4.5
2025-11-07,Sexta,Tarde,Salão,62,1527.06,24.63,5.77,10,4.6
2025-11-07,Sexta,Tarde,Drive-Thru,142,4166.28,29.34,3.23,10,4.5
2025-11-07,Sexta,Tarde,Delivery/App,30,1259.4,41.98,10.39,10,4.7
2025-11-07,Sexta,Noite,Salão,55,1251.25,22.75,6.57,9,4.8
2025-11-07,Sexta,Noite,Drive-Thru,131,3491.15,26.65,3.36,9,4.9
2025-11-07,Sexta,Noite,Delivery/App,47,1731.01,36.83,11.0,9,5.0
2025-11-08,Sábado,Manhã,Salão,38,1042.34,27.43,5.96,7,4.5
2025-11-08,Sábado,Manhã,Drive-Thru,64,2130.56,33.29,2.97,7,4.7
2025-11-08,Sábado,Manhã,Delivery/App,15,507.45,33.83,9.99,7,4.8
2025-11-08,Sábado,Tarde,Salão,61,1550.62,25.42,5.53,12,4.3
2025-11-08,Sábado,Tarde,Drive-Thru,107,3242.1,30.3,3.44,12,5.0
2025-11-08,Sábado,Tarde,Delivery/App,34,1088.68,32.02,10.8,12,4.7
2025-11-08,Sábado,Noite,Salão,60,1613.4,26.89,7.67,10,4.4
2025-11-08,Sábado,Noite,Drive-Thru,131,4278.46,32.66,3.62,10,4.6
2025-11-08,Sábado,Noite,Delivery/App,46,1989.04,43.24,11.27,10,4.7
2025-11-09,Domingo,Manhã,Salão,33,879.12,26.64,4.9,8,4.8
2025-11-09,Domingo,Manhã,Drive-Thru,67,2170.13,32.39,2.82,8,4.2
2025-11-09,Domingo,Manhã,Delivery/App,16,522.08,32.63,9.96,8,4.6
2025-11-09,Domingo,Tarde,Salão,70,1892.1,27.03,5.54,10,4.9
2025-11-09,Domingo,Tarde,Drive-Thru,110,3609.1,32.81,3.3,10,4.5
2025-11-09,Domingo,Tarde,Delivery/App,54,2341.44,43.36,10.92,10,4.5
2025-11-09,Domingo,Noite,Salão,53,1490.89,28.13,5.57,10,4.9
2025-11-09,Domingo,Noite,Drive-Thru,179,4315.69,24.11,4.38,10,4.5
2025-11-09,Domingo,Noite,Delivery/App,46,1395.18,30.33,11.26,10,4.6
2025-11-10,Segunda,Manhã,Salão,28,732.48,26.16,6.06,6,4.5
2025-11-10,Segunda,Manhã,Drive-Thru,55,1539.45,27.99,2.12,6,4.9
2025-11-10,Segunda,Manhã,Delivery/App,10,319.2,31.92,10.17,6,4.7
2025-11-10,Segunda,Tarde,Salão,54,1347.3,24.95,4.8,10,4.7
2025-11-10,Segunda,Tarde,Drive-Thru,99,2667.06,26.94,2.85,10,4.4
2025-11-10,Segunda,Tarde,Delivery/App,29,1167.25,40.25,11.3,10,4.2
2025-11-10,Segunda,Noite,Salão,39,1031.55,26.45,6.24,8,5.0
2025-11-10,Segunda,Noite,Drive-Thru,107,3446.47,32.21,4.1,8,4.7
2025-11-10,Segunda,Noite,Delivery/App,39,1375.92,35.28,11.47,8,4.7
2025-11-11,Terça,Manhã,Salão,25,825.5,33.02,5.6,5,4.5
2025-11-11,Terça,Manhã,Drive-Thru,50,1725.5,34.51,3.58,5,4.3
2025-11-11,Terça,Manhã,Delivery/App,12,509.76,42.48,10.05,5,4.5
2025-11-11,Terça,Tarde,Salão,47,1046.69,22.27,5.58,8,4.7
2025-11-11,Terça,Tarde,Drive-Thru,84,2364.6,28.15,3.53,8,4.8
2025-11-11,Terça,Tarde,Delivery/App,28,925.4,33.05,11.07,8,4.8
2025-11-11,Terça,Noite,Salão,38,1010.8,26.6,5.56,12,4.8
2025-11-11,Terça,Noite,Drive-Thru,87,3125.91,35.93,3.01,12,4.6
2025-11-11,Terça,Noite,Delivery/App,41,1562.1,38.1,11.41,12,4.3
2025-11-12,Quarta,Manhã,Salão,34,1077.46,31.69,6.05,5,4.6
2025-11-12,Quarta,Manhã,Drive-Thru,49,1543.5,31.5,3.95,5,4.5
2025-11-12,Quarta,Manhã,Delivery/App,13,403.78,31.06,10.44,5,4.5
2025-11-12,Quarta,Tarde,Salão,62,1567.98,25.29,5.51,7,4.5
2025-11-12,Quarta,Tarde,Drive-Thru,95,2403.5,25.3,4.54,7,4.8
2025-11-12,Quarta,Tarde,Delivery/App,25,874.5,34.98,11.03,7,4.6
2025-11-12,Quarta,Noite,Salão,50,1161.5,23.23,5.6,9,4.5
2025-11-12,Quarta,Noite,Drive-Thru,108,2912.76,26.97,3.67,9,4.7
2025-11-12,Quarta,Noite,Delivery/App,42,1535.52,36.56,12.25,9,4.6
2025-11-13,Quinta,Manhã,Salão,31,874.2,28.2,5.66,6,4.9
2025-11-13,Quinta,Manhã,Drive-Thru,52,1263.6,24.3,3.63,6,4.6
2025-11-13,Quinta,Manhã,Delivery/App,12,537.84,44.82,10.05,6,4.5
2025-11-13,Quinta,Tarde,Salão,40,1112.4,27.81,5.51,10,4.4
2025-11-13,Quinta,Tarde,Drive-Thru,89,2862.24,32.16,3.32,10,4.9
2025-11-13,Quinta,Tarde,Delivery/App,32,1439.36,44.98,10.07,10,5.0
2025-11-13,Quinta,Noite,Salão,45,1470.6,32.68,6.07,10,5.0
2025-11-13,Quinta,Noite,Drive-Thru,122,3380.62,27.71,4.23,10,4.5
2025-11-13,Quinta,Noite,Delivery/App,31,1198.15,38.65,11.33,10,4.8
2025-11-14,Sexta,Manhã,Salão,35,849.45,24.27,6.41,6,4.6
2025-11-14,Sexta,Manhã,Drive-Thru,53,1295.85,24.45,3.4,6,4.4
2025-11-14,Sexta,Manhã,Delivery/App,17,603.33,35.49,10.13,6,4.6
2025-11-14,Sexta,Tarde,Salão,79,2016.08,25.52,5.81,10,4.5
2025-11-14,Sexta,Tarde,Drive-Thru,133,3987.34,29.98,3.56,10,4.7
2025-11-14,Sexta,Tarde,Delivery/App,43,1435.34,33.38,11.07,10,4.1
2025-11-14,Sexta,Noite,Salão,39,1294.02,33.18,7.12,8,4.4
2025-11-14,Sexta,Noite,Drive-Thru,127,4130.04,32.52,3.23,8,4.8
2025-11-14,Sexta,Noite,Delivery/App,50,2089.5,41.79,12.5,8,4.6
2025-11-15,Sábado,Manhã,Salão,30,802.2,26.74,6.06,6,4.7
2025-11-15,Sábado,Manhã,Drive-Thru,67,1861.93,27.79,3.62,6,4.3
2025-11-15,Sábado,Manhã,Delivery/App,17,701.25,41.25,10.27,6,4.7
2025-11-15,Sábado,Tarde,Salão,69,2052.75,29.75,5.77,9,4.4
2025-11-15,Sábado,Tarde,Drive-Thru,117,3356.73,28.69,3.6,9,4.4
2025-11-15,Sábado,Tarde,Delivery/App,38,1316.32,34.64,10.57,9,4.9
2025-11-15,Sábado,Noite,Salão,55,1463.55,26.61,5.3,13,4.9
2025-11-15,Sábado,Noite,Drive-Thru,149,4660.72,31.28,3.04,13,4.8
2025-11-15,Sábado,Noite,Delivery/App,44,1615.68,36.72,12.23,13,4.5
2025-11-16,Domingo,Manhã,Salão,40,1014.8,25.37,5.4,8,4.6
2025-11-16,Domingo,Manhã,Drive-Thru,72,1890.72,26.26,3.19,8,4.4
2025-11-16,Domingo,Manhã,Delivery/App,13,511.94,39.38,9.83,8,4.8
2025-11-16,Domingo,Tarde,Salão,62,1848.84,29.82,5.63,9,4.3
2025-11-16,Domingo,Tarde,Drive-Thru,127,3887.47,30.61,3.67,9,4.5
2025-11-16,Domingo,Tarde,Delivery/App,45,1527.3,33.94,10.79,9,4.4
2025-11-16,Domingo,Noite,Salão,65,1955.85,30.09,7.35,8,4.9
2025-11-16,Domingo,Noite,Drive-Thru,131,3538.31,27.01,3.9,8,4.4
2025-11-16,Domingo,Noite,Delivery/App,45,1735.65,38.57,12.36,8,4.6
2025-11-17,Segunda,Manhã,Salão,24,799.68,33.32,5.69,5,4.7
2025-11-17,Segunda,Manhã,Drive-Thru,50,1420.0,28.4,3.33,5,4.9
2025-11-17,Segunda,Manhã,Delivery/App,12,426.24,35.52,10.2,5,4.6
2025-11-17,Segunda,Tarde,Salão,49,1324.47,27.03,5.79,7,4.6
2025-11-17,Segunda,Tarde,Drive-Thru,111,3225.66,29.06,3.4,7,4.5
2025-11-17,Segunda,Tarde,Delivery/App,32,1027.84,32.12,11.31,7,4.8
2025-11-17,Segunda,Noite,Salão,50,1626.5,32.53,6.36,9,4.6
2025-11-17,Segunda,Noite,Drive-Thru,91,3031.21,33.31,2.73,9,4.6
2025-11-17,Segunda,Noite,Delivery/App,45,2070.0,46.0,11.27,9,4.4
2025-11-18,Terça,Manhã,Salão,26,585.26,22.51,6.49,5,4.9
2025-11-18,Terça,Manhã,Drive-Thru,51,1677.39,32.89,2.99,5,4.4
2025-11-18,Terça,Manhã,Delivery/App,10,458.5,45.85,10.73,5,4.4
2025-11-18,Terça,Tarde,Salão,50,1633.0,32.66,5.33,9,5.0
2025-11-18,Terça,Tarde,Drive-Thru,107,3182.18,29.74,2.8,9,4.7
2025-11-18,Terça,Tarde,Delivery/App,30,1171.8,39.06,10.75,9,4.4
2025-11-18,Terça,Noite,Salão,41,999.58,24.38,5.72,12,4.9
2025-11-18,Terça,Noite,Drive-Thru,105,2843.4,27.08,3.77,12,4.7
2025-11-18,Terça,Noite,Delivery/App,37,1565.47,42.31,11.23,12,4.7
2025-11-19,Quarta,Manhã,Salão,29,858.98,29.62,6.26,4,4.6
2025-11-19,Quarta,Manhã,Drive-Thru,51,1450.95,28.45,3.57,4,4.3
2025-11-19,Quarta,Manhã,Delivery/App,11,443.63,40.33,10.03,4,4.6
2025-11-19,Quarta,Tarde,Salão,52,1735.24,33.37,6.07,10,4.7
2025-11-19,Quarta,Tarde,Drive-Thru,84,2892.12,34.43,2.11,10,5.0
2025-11-19,Quarta,Tarde,Delivery/App,21,636.72,30.32,10.57,10,4.4
2025-11-19,Quarta,Noite,Salão,37,1011.58,27.34,6.11,10,4.6
2025-11-19,Quarta,Noite,Drive-Thru,74,2548.56,34.44,3.19,10,4.7
2025-11-19,Quarta,Noite,Delivery/App,37,1550.3,41.9,11.98,10,4.7
2025-11-20,Quinta,Manhã,Salão,24,654.24,27.26,5.7,5,4.5
2025-11-20,Quinta,Manhã,Drive-Thru,49,1193.15,24.35,3.1,5,4.4
2025-11-20,Quinta,Manhã,Delivery/App,13,586.56,45.12,10.22,5,4.6
2025-11-20,Quinta,Tarde,Salão,49,1279.39,26.11,6.0,7,4.6
2025-11-20,Quinta,Tarde,Drive-Thru,83,2659.32,32.04,2.56,7,4.6
2025-11-20,Quinta,Tarde,Delivery/App,28,884.8,31.6,10.8,7,4.6
2025-11-20,Quinta,Noite,Salão,44,1268.96,28.84,5.61,9,5.0
2025-11-20,Quinta,Noite,Drive-Thru,104,3105.44,29.86,3.32,9,4.7
2025-11-20,Quinta,Noite,Delivery/App,35,1176.35,33.61,11.27,9,4.7
2025-11-21,Sexta,Manhã,Salão,37,1144.41,30.93,5.71,6,4.7
2025-11-21,Sexta,Manhã,Drive-Thru,61,1955.05,32.05,3.92,6,4.9
2025-11-21,Sexta,Manhã,Delivery/App,17,675.75,39.75,10.18,6,4.5
2025-11-21,Sexta,Tarde,Salão,65,1795.3,27.62,5.87,8,4.8
2025-11-21,Sexta,Tarde,Drive-Thru,117,2846.61,24.33,3.68,8,4.4
2025-11-21,Sexta,Tarde,Delivery/App,35,1508.85,43.11,10.74,8,5.0
2025-11-21,Sexta,Noite,Salão,64,2128.64,33.26,6.73,10,4.6
2025-11-21,Sexta,Noite,Drive-Thru,126,4310.46,34.21,4.35,10,4.5
2025-11-21,Sexta,Noite,Delivery/App,54,1842.48,34.12,11.3,10,4.5
2025-11-22,Sábado,Manhã,Salão,27,700.92,25.96,5.82,5,4.3
2025-11-22,Sábado,Manhã,Drive-Thru,59,2031.37,34.43,4.04,5,4.2
2025-11-22,Sábado,Manhã,Delivery/App,14,643.58,45.97,10.96,5,4.5
2025-11-22,Sábado,Tarde,Salão,70,2184.7,31.21,5.78,9,5.0
2025-11-22,Sábado,Tarde,Drive-Thru,151,3924.49,25.99,3.74,9,4.2
2025-11-22,Sábado,Tarde,Delivery/App,36,1130.4,31.4,10.6,9,4.7
2025-11-22,Sábado,Noite,Salão,53,1195.15,22.55,6.36,10,4.3
2025-11-22,Sábado,Noite,Drive-Thru,153,5113.26,33.42,3.5,10,4.7
2025-11-22,Sábado,Noite,Delivery/App,56,1995.28,35.63,11.6,10,4.7
2025-11-23,Domingo,Manhã,Salão,30,835.8,27.86,5.66,6,4.8
2025-11-23,Domingo,Manhã,Drive-Thru,61,2022.76,33.16,3.39,6,4.7
2025-11-23,Domingo,Manhã,Delivery/App,22,962.94,43.77,11.33,6,4.4
2025-11-23,Domingo,Tarde,Salão,69,2047.23,29.67,6.38,7,4.5
2025-11-23,Domingo,Tarde,Drive-Thru,130,3426.8,26.36,3.8,7,4.1
2025-11-23,Domingo,Tarde,Delivery/App,46,1766.4,38.4,10.53,7,4.9
2025-11-23,Domingo,Noite,Salão,56,1759.52,31.42,6.36,12,4.7
2025-11-23,Domingo,Noite,Drive-Thru,145,4215.15,29.07,3.31,12,4.7
2025-11-23,Domingo,Noite,Delivery/App,47,1848.04,39.32,11.1,12,4.9
2025-11-24,Segunda,Manhã,Salão,21,694.68,33.08,5.47,5,4.7
2025-11-24,Segunda,Manhã,Drive-Thru,51,1633.53,32.03,3.84,5,4.6
2025-11-24,Segunda,Manhã,Delivery/App,14,524.44,37.46,9.84,5,4.8
2025-11-24,Segunda,Tarde,Salão,52,1144.52,22.01,5.84,8,4.3
2025-11-24,Segunda,Tarde,Drive-Thru,104,3435.12,33.03,3.38,8,4.1
2025-11-24,Segunda,Tarde,Delivery/App,36,1285.2,35.7,10.59,8,5.0
2025-11-24,Segunda,Noite,Salão,30,926.1,30.87,5.4,12,4.2
2025-11-24,Segunda,Noite,Drive-Thru,101,3209.78,31.78,3.12,12,4.9
2025-11-24,Segunda,Noite,Delivery/App,36,1567.8,43.55,11.58,12,4.4
2025-11-25,Terça,Manhã,Salão,26,831.48,31.98,5.95,5,4.8
2025-11-25,Terça,Manhã,Drive-Thru,39,1396.2,35.8,2.4,5,4.8
2025-11-25,Terça,Manhã,Delivery/App,9,318.42,35.38,9.85,5,4.3
2025-11-25,Terça,Tarde,Salão,54,1368.9,25.35,6.3,8,4.4
2025-11-25,Terça,Tarde,Drive-Thru,90,2600.1,28.89,3.25,8,5.0
2025-11-25,Terça,Tarde,Delivery/App,29,1041.39,35.91,11.0,8,4.6
2025-11-25,Terça,Noite,Salão,53,1273.06,24.02,6.85,8,4.6
2025-11-25,Terça,Noite,Drive-Thru,107,2641.83,24.69,3.78,8,4.7
2025-11-25,Terça,Noite,Delivery/App,38,1647.68,43.36,12.66,8,4.4
2025-11-26,Quarta,Manhã,Salão,26,694.72,26.72,6.14,5,4.6
2025-11-26,Quarta,Manhã,Drive-Thru,55,1470.15,26.73,2.63,5,5.0
2025-11-26,Quarta,Manhã,Delivery/App,12,536.28,44.69,10.84,5,4.4
2025-11-26,Quarta,Tarde,Salão,57,1605.12,28.16,5.73,6,4.3
2025-11-26,Quarta,Tarde,Drive-Thru,120,3849.6,32.08,4.0,6,4.5
2025-11-26,Quarta,Tarde,Delivery/App,28,1165.08,41.61,11.45,6,4.7
2025-11-26,Quarta,Noite,Salão,39,1079.52,27.68,5.46,12,4.9
2025-11-26,Quarta,Noite,Drive-Thru,107,3078.39,28.77,3.54,12,4.8
2025-11-26,Quarta,Noite,Delivery/App,36,1205.28,33.48,11.71,12,4.8
2025-11-27,Quinta,Manhã,Salão,28,919.24,32.83,6.68,4,4.6
2025-11-27,Quinta,Manhã,Drive-Thru,52,1268.28,24.39,4.12,4,4.2
2025-11-27,Quinta,Manhã,Delivery/App,9,290.79,32.31,10.4,4,4.2
2025-11-27,Quinta,Tarde,Salão,56,1477.28,26.38,5.98,8,4.9
2025-11-27,Quinta,Tarde,Drive-Thru,102,2634.66,25.83,4.07,8,4.5
2025-11-27,Quinta,Tarde,Delivery/App,31,1392.52,44.92,11.25,8,4.4
2025-11-27,Quinta,Noite,Salão,43,1129.61,26.27,5.72,9,4.6
2025-11-27,Quinta,Noite,Drive-Thru,102,2574.48,25.24,3.4,9,4.6
2025-11-27,Quinta,Noite,Delivery/App,33,1174.8,35.6,11.56,9,4.8
2025-11-28,Sexta,Manhã,Salão,41,947.1,23.1,5.75,5,4.6
2025-11-28,Sexta,Manhã,Drive-Thru,66,2306.04,34.94,3.35,5,4.4
2025-11-28,Sexta,Manhã,Delivery/App,17,749.36,44.08,9.91,5,4.4
2025-11-28,Sexta,Tarde,Salão,71,2000.07,28.17,5.83,10,4.4
2025-11-28,Sexta,Tarde,Drive-Thru,156,4382.04,28.09,2.78,10,4.6
2025-11-28,Sexta,Tarde,Delivery/App,30,1171.8,39.06,10.24,10,4.4
2025-11-28,Sexta,Noite,Salão,57,1383.96,24.28,6.46,9,4.6
2025-11-28,Sexta,Noite,Drive-Thru,154,4392.08,28.52,4.18,9,4.8
2025-11-28,Sexta,Noite,Delivery/App,41,1826.96,44.56,11.93,9,4.9
2025-11-29,Sábado,Manhã,Salão,37,895.77,24.21,6.79,6,4.4
2025-11-29,Sábado,Manhã,Drive-Thru,71,2034.15,28.65,3.44,6,5.0
2025-11-29,Sábado,Manhã,Delivery/App,16,504.16,31.51,10.04,6,4.5
2025-11-29,Sábado,Tarde,Salão,63,2080.89,33.03,6.59,9,4.6
2025-11-29,Sábado,Tarde,Drive-Thru,142,4465.9,31.45,3.31,9,4.3
2025-11-29,Sábado,Tarde,Delivery/App,39,1359.54,34.86,10.47,9,5.0
2025-11-29,Sábado,Noite,Salão,50,1663.0,33.26,6.77,10,4.8
2025-11-29,Sábado,Noite,Drive-Thru,144,4779.36,33.19,3.49,10,4.2
2025-11-29,Sábado,Noite,Delivery/App,47,1995.15,42.45,11.4,10,4.7
2025-11-30,Domingo,Manhã,Salão,38,875.52,23.04,5.9,6,4.4
2025-11-30,Domingo,Manhã,Drive-Thru,83,1998.64,24.08,3.35,6,4.6
2025-11-30,Domingo,Manhã,Delivery/App,19,609.71,32.09,10.76,6,4.7
2025-11-30,Domingo,Tarde,Salão,70,1712.9,24.47,6.52,9,4.4
2025-11-30,Domingo,Tarde,Drive-Thru,117,3575.52,30.56,3.83,9,4.3
2025-11-30,Domingo,Tarde,Delivery/App,39,1585.35,40.65,11.95,9,4.6
2025-11-30,Domingo,Noite,Salão,56,1561.84,27.89,6.04,10,4.6
2025-11-30,Domingo,Noite,Drive-Thru,134,4510.44,33.66,3.39,10,4.3
2025-11-30,Domingo,Noite,Delivery/App,51,2181.27,42.77,11.55,10,4.5
2025-12-01,Segunda,Manhã,Salão,30,1154.1,38.47,5.85,5,4.7
2025-12-01,Segunda,Manhã,Drive-Thru,61,1744.6,28.6,3.46,5,4.7
2025-12-01,Segunda,Manhã,Delivery/App,15,545.1,36.34,10.49,5,4.4
2025-12-01,Segunda,Tarde,Salão,61,2175.87,35.67,5.78,9,4.7
2025-12-01,Segunda,Tarde,Drive-Thru,108,3146.04,29.13,2.8,9,4.5
2025-12-01,Segunda,Tarde,Delivery/App,31,1295.8,41.8,11.21,9,4.9
2025-12-01,Segunda,Noite,Salão,43,1263.77,29.39,6.31,8,5.0
2025-12-01,Segunda,Noite,Drive-Thru,129,4383.42,33.98,3.79,8,4.6
2025-12-01,Segunda,Noite,Delivery/App,52,1918.8,36.9,12.27,8,4.5
2025-12-02,Terça,Manhã,Salão,39,1372.8,35.2,6.62,4,4.8
2025-12-02,Terça,Manhã,Drive-Thru,40,1359.2,33.98,4.14,4,4.7
2025-12-02,Terça,Manhã,Delivery/App,10,395.3,39.53,10.34,4,4.7
2025-12-02,Terça,Tarde,Salão,47,1583.9,33.7,5.65,8,4.6
2025-12-02,Terça,Tarde,Drive-Thru,93,3162.93,34.01,3.26,8,4.6
2025-12-02,Terça,Tarde,Delivery/App,30,1495.5,49.85,10.95,8,4.6
2025-12-02,Terça,Noite,Salão,58,2185.44,37.68,5.77,11,4.5
2025-12-02,Terça,Noite,Drive-Thru,110,3253.8,29.58,3.5,11,4.5
2025-12-02,Terça,Noite,Delivery/App,47,2252.24,47.92,11.36,11,4.4
2025-12-03,Quarta,Manhã,Salão,29,850.57,29.33,5.15,4,5.0
2025-12-03,Quarta,Manhã,Drive-Thru,60,2026.2,33.77,3.67,4,4.7
2025-12-03,Quarta,Manhã,Delivery/App,15,645.15,43.01,10.2,4,4.5
2025-12-03,Quarta,Tarde,Salão,66,1849.98,28.03,6.11,6,4.8
2025-12-03,Quarta,Tarde,Drive-Thru,114,3651.42,32.03,3.92,6,4.7
2025-12-03,Quarta,Tarde,Delivery/App,37,1909.57,51.61,11.22,6,4.5
2025-12-03,Quarta,Noite,Salão,58,1683.16,29.02,6.42,10,4.3
2025-12-03,Quarta,Noite,Drive-Thru,130,4641.0,35.7,3.19,10,4.7
2025-12-03,Quarta,Noite,Delivery/App,41,1792.52,43.72,11.66,10,4.6
2025-12-04,Quinta,Manhã,Salão,31,796.39,25.69,5.81,5,4.3
2025-12-04,Quinta,Manhã,Drive-Thru,51,1822.23,35.73,3.34,5,4.4
2025-12-04,Quinta,Manhã,Delivery/App,14,725.9,51.85,10.93,5,4.3
2025-12-04,Quinta,Tarde,Salão,54,2022.3,37.45,6.35,7,4.8
2025-12-04,Quinta,Tarde,Drive-Thru,106,3322.04,31.34,3.83,7,4.9
2025-12-04,Quinta,Tarde,Delivery/App,34,1287.92,37.88,10.91,7,4.4
2025-12-04,Quinta,Noite,Salão,40,1291.6,32.29,5.67,9,4.5
2025-12-04,Quinta,Noite,Drive-Thru,106,3552.06,33.51,4.05,9,4.9
2025-12-04,Quinta,Noite,Delivery/App,39,2004.21,51.39,11.63,9,5.0
2025-12-05,Sexta,Manhã,Salão,38,1011.56,26.62,6.03,6,4.5
2025-12-05,Sexta,Manhã,Drive-Thru,70,2730.0,39.0,3.1,6,4.3
2025-12-05,Sexta,Manhã,Delivery/App,17,623.05,36.65,10.75,6,4.6
2025-12-05,Sexta,Tarde,Salão,65,2448.55,37.67,6.53,10,4.4
2025-12-05,Sexta,Tarde,Drive-Thru,136,3910.0,28.75,4.07,10,4.6
2025-12-05,Sexta,Tarde,Delivery/App,48,1962.24,40.88,10.89,10,4.5
2025-12-05,Sexta,Noite,Salão,68,2407.88,35.41,5.68,13,5.0
2025-12-05,Sexta,Noite,Drive-Thru,144,4619.52,32.08,2.96,13,4.9
2025-12-05,Sexta,Noite,Delivery/App,62,2764.58,44.59,11.42,13,4.7
2025-12-06,Sábado,Manhã,Salão,40,1128.0,28.2,6.66,4,4.4
2025-12-06,Sábado,Manhã,Drive-Thru,58,2056.1,35.45,3.6,4,4.1
2025-12-06,Sábado,Manhã,Delivery/App,16,584.96,36.56,10.75,4,4.5
2025-12-06,Sábado,Tarde,Salão,79,2057.16,26.04,6.23,7,4.9
2025-12-06,Sábado,Tarde,Drive-Thru,154,5041.96,32.74,4.45,7,4.7
2025-12-06,Sábado,Tarde,Delivery/App,48,2163.36,45.07,11.58,7,4.5
2025-12-06,Sábado,Noite,Salão,63,1818.18,28.86,6.31,11,4.6
2025-12-06,Sábado,Noite,Drive-Thru,150,4404.0,29.36,2.82,11,4.8
2025-12-06,Sábado,Noite,Delivery/App,67,3423.03,51.09,12.23,11,4.6
2025-12-07,Domingo,Manhã,Salão,45,1339.2,29.76,5.88,8,4.5
2025-12-07,Domingo,Manhã,Drive-Thru,73,2608.29,35.73,3.59,8,4.7
2025-12-07,Domingo,Manhã,Delivery/App,19,717.25,37.75,9.74,8,4.4
2025-12-07,Domingo,Tarde,Salão,87,2550.84,29.32,5.94,10,4.8
2025-12-07,Domingo,Tarde,Drive-Thru,141,4056.57,28.77,3.27,10,4.6
2025-12-07,Domingo,Tarde,Delivery/App,47,1843.34,39.22,10.64,10,4.7
2025-12-07,Domingo,Noite,Salão,56,1443.68,25.78,5.52,12,4.8
2025-12-07,Domingo,Noite,Drive-Thru,198,6720.12,33.94,2.9,12,4.7
2025-12-07,Domingo,Noite,Delivery/App,62,2372.12,38.26,11.42,12,4.5
2025-12-08,Segunda,Manhã,Salão,35,964.6,27.56,6.35,5,4.1
2025-12-08,Segunda,Manhã,Drive-Thru,53,2003.4,37.8,4.43,5,4.3
2025-12-08,Segunda,Manhã,Delivery/App,17,625.43,36.79,9.63,5,4.8
2025-12-08,Segunda,Tarde,Salão,53,1534.88,28.96,5.59,8,4.5
2025-12-08,Segunda,Tarde,Drive-Thru,97,2851.8,29.4,3.17,8,4.5
2025-12-08,Segunda,Tarde,Delivery/App,33,1646.37,49.89,11.02,8,4.3
2025-12-08,Segunda,Noite,Salão,45,1522.8,33.84,5.66,12,4.7
2025-12-08,Segunda,Noite,Drive-Thru,107,3765.33,35.19,2.47,12,4.5
2025-12-08,Segunda,Noite,Delivery/App,38,1998.42,52.59,11.29,12,4.7
2025-12-09,Terça,Manhã,Salão,34,1190.68,35.02,5.22,5,4.8
2025-12-09,Terça,Manhã,Drive-Thru,63,2031.75,32.25,3.41,5,4.4
2025-12-09,Terça,Manhã,Delivery/App,14,489.3,34.95,10.27,5,4.5
2025-12-09,Terça,Tarde,Salão,56,1533.84,27.39,6.01,9,4.7
2025-12-09,Terça,Tarde,Drive-Thru,141,4007.22,28.42,3.11,9,4.9
2025-12-09,Terça,Tarde,Delivery/App,35,1577.1,45.06,11.19,9,4.3
2025-12-09,Terça,Noite,Salão,44,1301.96,29.59,6.16,12,4.4
2025-12-09,Terça,Noite,Drive-Thru,125,4457.5,35.66,3.08,12,4.7
2025-12-09,Terça,Noite,Delivery/App,47,1874.83,39.89,11.39,12,4.6
2025-12-10,Quarta,Manhã,Salão,30,825.0,27.5,6.26,5,4.6
2025-12-10,Quarta,Manhã,Drive-Thru,57,1986.45,34.85,3.78,5,4.7
2025-12-10,Quarta,Manhã,Delivery/App,13,575.77,44.29,9.74,5,4.9
2025-12-10,Quarta,Tarde,Salão,63,2087.82,33.14,5.83,7,4.7
2025-12-10,Quarta,Tarde,Drive-Thru,110,4501.2,40.92,3.77,7,4.9
2025-12-10,Quarta,Tarde,Delivery/App,32,1151.68,35.99,10.85,7,4.5
2025-12-10,Quarta,Noite,Salão,55,1852.95,33.69,6.09,8,4.8
2025-12-10,Quarta,Noite,Drive-Thru,85,2622.25,30.85,3.14,8,4.8
2025-12-10,Quarta,Noite,Delivery/App,49,1724.31,35.19,12.66,8,4.1
2025-12-11,Quinta,Manhã,Salão,31,1085.0,35.0,6.5,5,4.3
2025-12-11,Quinta,Manhã,Drive-Thru,61,2420.48,39.68,2.93,5,4.6
2025-12-11,Quinta,Manhã,Delivery/App,14,676.34,48.31,10.82,5,4.1
2025-12-11,Quinta,Tarde,Salão,68,2269.16,33.37,5.86,7,4.6
2025-12-11,Quinta,Tarde,Drive-Thru,100,3642.0,36.42,3.98,7,4.8
2025-12-11,Quinta,Tarde,Delivery/App,36,1743.84,48.44,12.09,7,4.6
2025-12-11,Quinta,Noite,Salão,46,1696.94,36.89,6.9,8,4.5
2025-12-11,Quinta,Noite,Drive-Thru,124,4379.68,35.32,4.07,8,4.6
2025-12-11,Quinta,Noite,Delivery/App,46,1861.62,40.47,11.46,8,4.8
2025-12-12,Sexta,Manhã,Salão,43,1415.99,32.93,5.65,6,4.9
2025-12-12,Sexta,Manhã,Drive-Thru,72,2111.76,29.33,3.81,6,4.5
2025-12-12,Sexta,Manhã,Delivery/App,17,808.52,47.56,10.61,6,4.6
2025-12-12,Sexta,Tarde,Salão,58,1844.98,31.81,5.74,9,4.7
2025-12-12,Sexta,Tarde,Drive-Thru,158,4458.76,28.22,3.57,9,4.6
2025-12-12,Sexta,Tarde,Delivery/App,42,1813.56,43.18,11.44,9,4.5
2025-12-12,Sexta,Noite,Salão,57,1811.46,31.78,6.57,10,4.6
2025-12-12,Sexta,Noite,Drive-Thru,143,5847.27,40.89,3.21,10,4.6
2025-12-12,Sexta,Noite,Delivery/App,60,2849.4,47.49,12.63,10,5.0
2025-12-13,Sábado,Manhã,Salão,39,1337.7,34.3,6.12,4,4.3
2025-12-13,Sábado,Manhã,Drive-Thru,74,2742.44,37.06,3.51,4,4.4
2025-12-13,Sábado,Manhã,Delivery/App,21,883.47,42.07,10.87,4,4.4
2025-12-13,Sábado,Tarde,Salão,63,2199.96,34.92,6.33,8,4.5
2025-12-13,Sábado,Tarde,Drive-Thru,142,5028.22,35.41,3.92,8,4.7
2025-12-13,Sábado,Tarde,Delivery/App,37,1575.83,42.59,10.88,8,4.6
2025-12-13,Sábado,Noite,Salão,85,2864.5,33.7,7.25,9,4.2
2025-12-13,Sábado,Noite,Drive-Thru,123,4810.53,39.11,3.8,9,4.6
2025-12-13,Sábado,Noite,Delivery/App,72,2550.96,35.43,12.02,9,4.8
2025-12-14,Domingo,Manhã,Salão,43,1679.58,39.06,6.46,5,4.2
2025-12-14,Domingo,Manhã,Drive-Thru,94,2798.38,29.77,3.29,5,4.2
2025-12-14,Domingo,Manhã,Delivery/App,19,704.71,37.09,10.19,5,4.8
2025-12-14,Domingo,Tarde,Salão,78,2010.06,25.77,6.44,9,4.7
2025-12-14,Domingo,Tarde,Drive-Thru,146,5590.34,38.29,3.16,9,4.7
2025-12-14,Domingo,Tarde,Delivery/App,52,2627.04,50.52,10.49,9,4.5
2025-12-14,Domingo,Noite,Salão,63,1747.62,27.74,5.66,11,4.8
2025-12-14,Domingo,Noite,Drive-Thru,148,5296.92,35.79,2.98,11,4.4
2025-12-14,Domingo,Noite,Delivery/App,60,3054.0,50.9,11.44,11,4.7
2025-12-15,Segunda,Manhã,Salão,29,863.62,29.78,6.27,5,4.4
2025-12-15,Segunda,Manhã,Drive-Thru,55,2235.75,40.65,3.04,5,4.8
2025-12-15,Segunda,Manhã,Delivery/App,15,547.5,36.5,11.15,5,4.4
2025-12-15,Segunda,Tarde,Salão,67,2584.19,38.57,6.2,10,4.7
2025-12-15,Segunda,Tarde,Drive-Thru,104,3113.76,29.94,3.23,10,4.5
2025-12-15,Segunda,Tarde,Delivery/App,38,1729.38,45.51,10.18,10,4.4
2025-12-15,Segunda,Noite,Salão,46,1663.36,36.16,7.12,8,4.6
2025-12-15,Segunda,Noite,Drive-Thru,127,3832.86,30.18,4.55,8,4.7
2025-12-15,Segunda,Noite,Delivery/App,37,1776.74,48.02,11.27,8,4.7
2025-12-16,Terça,Manhã,Salão,33,1173.15,35.55,6.01,5,4.4
2025-12-16,Terça,Manhã,Drive-Thru,56,2021.6,36.1,3.85,5,4.6
2025-12-16,Terça,Manhã,Delivery/App,15,709.5,47.3,11.17,5,4.7
2025-12-16,Terça,Tarde,Salão,56,2048.48,36.58,6.39,6,4.7
2025-12-16,Terça,Tarde,Drive-Thru,114,3510.06,30.79,4.17,6,4.3
2025-12-16,Terça,Tarde,Delivery/App,29,1374.89,47.41,11.62,6,4.5
2025-12-16,Terça,Noite,Salão,47,1458.41,31.03,6.59,9,4.6
2025-12-16,Terça,Noite,Drive-Thru,117,3923.01,33.53,3.08,9,4.5
2025-12-16,Terça,Noite,Delivery/App,47,2135.68,45.44,11.83,9,4.7
2025-12-17,Quarta,Manhã,Salão,35,1225.35,35.01,5.83,6,4.7
2025-12-17,Quarta,Manhã,Drive-Thru,56,1624.56,29.01,2.66,6,4.8
2025-12-17,Quarta,Manhã,Delivery/App,15,619.5,41.3,10.46,6,4.3
2025-12-17,Quarta,Tarde,Salão,74,2405.74,32.51,5.88,7,4.6
2025-12-17,Quarta,Tarde,Drive-Thru,106,2939.38,27.73,3.56,7,4.6
2025-12-17,Quarta,Tarde,Delivery/App,37,1945.83,52.59,11.24,7,4.4
2025-12-17,Quarta,Noite,Salão,49,1797.81,36.69,6.29,9,4.6
2025-12-17,Quarta,Noite,Drive-Thru,113,4288.35,37.95,3.55,9,4.7
2025-12-17,Quarta,Noite,Delivery/App,41,1549.8,37.8,12.19,9,4.7
2025-12-18,Quinta,Manhã,Salão,30,795.6,26.52,5.89,4,4.5
2025-12-18,Quinta,Manhã,Drive-Thru,74,3011.8,40.7,3.14,4,4.6
2025-12-18,Quinta,Manhã,Delivery/App,13,574.47,44.19,10.93,4,4.5
2025-12-18,Quinta,Tarde,Salão,50,1509.0,30.18,6.13,7,4.8
2025-12-18,Quinta,Tarde,Drive-Thru,127,3745.23,29.49,3.76,7,4.8
2025-12-18,Quinta,Tarde,Delivery/App,33,1372.8,41.6,11.44,7,4.3
2025-12-18,Quinta,Noite,Salão,43,1229.37,28.59,6.09,10,4.4
2025-12-18,Quinta,Noite,Drive-Thru,113,4135.8,36.6,3.73,10,4.8
2025-12-18,Quinta,Noite,Delivery/App,47,2109.36,44.88,11.93,10,4.6
2025-12-19,Sexta,Manhã,Salão,28,738.64,26.38,5.71,6,4.5
2025-12-19,Sexta,Manhã,Drive-Thru,79,2249.92,28.48,4.08,6,4.5
2025-12-19,Sexta,Manhã,Delivery/App,23,1147.47,49.89,10.52,6,5.0
2025-12-19,Sexta,Tarde,Salão,72,2754.72,38.26,5.65,12,4.7
2025-12-19,Sexta,Tarde,Drive-Thru,130,3715.4,28.58,2.65,12,4.9
2025-12-19,Sexta,Tarde,Delivery/App,46,1863.46,40.51,10.14,12,4.7
2025-12-19,Sexta,Noite,Salão,65,1664.0,25.6,6.22,12,4.5
2025-12-19,Sexta,Noite,Drive-Thru,174,6420.6,36.9,3.76,12,4.4
2025-12-19,Sexta,Noite,Delivery/App,49,2348.08,47.92,11.46,12,4.5
2025-12-20,Sábado,Manhã,Salão,35,1256.85,35.91,5.85,7,4.8
2025-12-20,Sábado,Manhã,Drive-Thru,74,2988.86,40.39,3.78,7,4.8
2025-12-20,Sábado,Manhã,Delivery/App,17,680.68,40.04,9.98,7,4.7
2025-12-20,Sábado,Tarde,Salão,85,3267.4,38.44,5.7,10,4.8
2025-12-20,Sábado,Tarde,Drive-Thru,112,4565.12,40.76,3.77,10,4.8
2025-12-20,Sábado,Tarde,Delivery/App,46,1897.5,41.25,10.4,10,5.0
2025-12-20,Sábado,Noite,Salão,65,1701.05,26.17,6.01,13,4.8
2025-12-20,Sábado,Noite,Drive-Thru,161,4598.16,28.56,3.62,13,5.0
2025-12-20,Sábado,Noite,Delivery/App,68,2613.92,38.44,10.68,13,4.4
2025-12-21,Domingo,Manhã,Salão,44,1259.72,28.63,5.33,7,4.4
2025-12-21,Domingo,Manhã,Drive-Thru,73,2052.03,28.11,2.91,7,4.4
2025-12-21,Domingo,Manhã,Delivery/App,21,926.31,44.11,10.41,7,4.7
2025-12-21,Domingo,Tarde,Salão,84,2994.6,35.65,5.53,9,4.9
2025-12-21,Domingo,Tarde,Drive-Thru,136,4995.28,36.73,3.1,9,4.4
2025-12-21,Domingo,Tarde,Delivery/App,55,2517.9,45.78,11.91,9,4.4
2025-12-21,Domingo,Noite,Salão,70,2590.7,37.01,5.3,12,4.3
2025-12-21,Domingo,Noite,Drive-Thru,164,5712.12,34.83,3.69,12,4.7
2025-12-21,Domingo,Noite,Delivery/App,56,2346.96,41.91,11.68,12,4.6
2025-12-22,Segunda,Manhã,Salão,30,759.0,25.3,6.23,5,4.7
2025-12-22,Segunda,Manhã,Drive-Thru,61,2448.54,40.14,3.52,5,5.0
2025-12-22,Segunda,Manhã,Delivery/App,15,792.6,52.84,10.03,5,4.4
2025-12-22,Segunda,Tarde,Salão,64,1712.64,26.76,6.5,6,4.9
2025-12-22,Segunda,Tarde,Drive-Thru,105,3684.45,35.09,4.2,6,4.6
2025-12-22,Segunda,Tarde,Delivery/App,38,1425.0,37.5,11.22,6,4.3
2025-12-22,Segunda,Noite,Salão,40,1554.4,38.86,5.87,12,5.0
2025-12-22,Segunda,Noite,Drive-Thru,95,3916.85,41.23,3.63,12,4.4
2025-12-22,Segunda,Noite,Delivery/App,48,1706.88,35.56,11.29,12,4.4
2025-12-23,Terça,Manhã,Salão,39,1524.12,39.08,6.58,5,4.5
2025-12-23,Terça,Manhã,Drive-Thru,46,1489.48,32.38,2.69,5,4.7
2025-12-23,Terça,Manhã,Delivery/App,15,610.2,40.68,10.22,5,4.5
2025-12-23,Terça,Tarde,Salão,54,1868.4,34.6,6.38,7,4.4
2025-12-23,Terça,Tarde,Drive-Thru,97,3145.71,32.43,3.4,7,4.4
2025-12-23,Terça,Tarde,Delivery/App,35,1624.7,46.42,10.98,7,4.7
2025-12-23,Terça,Noite,Salão,51,1634.55,32.05,5.64,11,4.7
2025-12-23,Terça,Noite,Drive-Thru,106,3678.2,34.7,3.69,11,4.5
2025-12-23,Terça,Noite,Delivery/App,36,1801.8,50.05,11.79,11,4.4
2025-12-24,Quarta,Manhã,Salão,16,594.88,37.18,5.5,4,4.5
2025-12-24,Quarta,Manhã,Drive-Thru,58,2354.22,40.59,3.5,4,4.6
2025-12-24,Quarta,Manhã,Delivery/App,19,867.16,45.64,10.35,4,4.6
2025-12-24,Quarta,Tarde,Salão,52,1428.96,27.48,6.44,6,4.7
2025-12-24,Quarta,Tarde,Drive-Thru,108,4051.08,37.51,4.22,6,4.2
2025-12-24,Quarta,Tarde,Delivery/App,37,1564.73,42.29,11.91,6,4.2
2025-12-24,Quarta,Noite,Salão,56,1548.96,27.66,6.52,9,4.8
2025-12-24,Quarta,Noite,Drive-Thru,115,3995.1,34.74,3.32,9,4.8
2025-12-24,Quarta,Noite,Delivery/App,47,1941.1,41.3,12.28,9,4.9
2025-12-25,Quinta,Manhã,Salão,28,784.0,28.0,5.4,5,4.5
2025-12-25,Quinta,Manhã,Drive-Thru,60,1896.6,31.61,3.45,5,4.3
2025-12-25,Quinta,Manhã,Delivery/App,12,548.4,45.7,10.33,5,4.4
2025-12-25,Quinta,Tarde,Salão,72,2423.52,33.66,6.94,7,4.5
2025-12-25,Quinta,Tarde,Drive-Thru,104,4184.96,40.24,2.81,7,4.5
2025-12-25,Quinta,Tarde,Delivery/App,31,1239.38,39.98,10.32,7,4.6
2025-12-25,Quinta,Noite,Salão,53,2014.53,38.01,5.87,9,4.8
2025-12-25,Quinta,Noite,Drive-Thru,110,3759.8,34.18,3.61,9,4.9
2025-12-25,Quinta,Noite,Delivery/App,51,2604.57,51.07,11.6,9,4.6
2025-12-26,Sexta,Manhã,Salão,32,890.56,27.83,5.85,4,4.7
2025-12-26,Sexta,Manhã,Drive-Thru,72,2975.76,41.33,4.36,4,4.3
2025-12-26,Sexta,Manhã,Delivery/App,21,868.56,41.36,10.87,4,4.8
2025-12-26,Sexta,Tarde,Salão,88,2807.2,31.9,5.42,12,4.8
2025-12-26,Sexta,Tarde,Drive-Thru,163,5486.58,33.66,3.81,12,4.4
2025-12-26,Sexta,Tarde,Delivery/App,52,2444.52,47.01,10.5,12,4.3
2025-12-26,Sexta,Noite,Salão,75,2568.75,34.25,6.43,12,5.0
2025-12-26,Sexta,Noite,Drive-Thru,188,7544.44,40.13,3.15,12,4.3
2025-12-26,Sexta,Noite,Delivery/App,53,2207.45,41.65,11.25,12,4.7
2025-12-27,Sábado,Manhã,Salão,55,1667.05,30.31,6.15,7,4.7
2025-12-27,Sábado,Manhã,Drive-Thru,77,3140.83,40.79,3.21,7,4.6
2025-12-27,Sábado,Manhã,Delivery/App,17,631.38,37.14,10.08,7,4.6
2025-12-27,Sábado,Tarde,Salão,92,3379.16,36.73,6.48,8,4.6
2025-12-27,Sábado,Tarde,Drive-Thru,141,5740.11,40.71,3.94,8,4.5
2025-12-27,Sábado,Tarde,Delivery/App,47,2210.88,47.04,11.5,8,4.6
2025-12-27,Sábado,Noite,Salão,58,1891.96,32.62,6.71,12,4.9
2025-12-27,Sábado,Noite,Drive-Thru,160,5321.6,33.26,3.51,12,4.6
2025-12-27,Sábado,Noite,Delivery/App,60,2543.4,42.39,11.73,12,4.6
2025-12-28,Domingo,Manhã,Salão,44,1622.28,36.87,5.69,7,4.7
2025-12-28,Domingo,Manhã,Drive-Thru,90,2529.9,28.11,3.97,7,4.5
2025-12-28,Domingo,Manhã,Delivery/App,20,964.2,48.21,10.98,7,4.7
2025-12-28,Domingo,Tarde,Salão,82,2588.74,31.57,6.46,7,4.7
2025-12-28,Domingo,Tarde,Drive-Thru,151,5044.91,33.41,3.58,7,4.9
2025-12-28,Domingo,Tarde,Delivery/App,45,2281.5,50.7,11.03,7,4.6
2025-12-28,Domingo,Noite,Salão,68,2392.92,35.19,6.5,10,4.5
2025-12-28,Domingo,Noite,Drive-Thru,156,5525.52,35.42,3.63,10,4.7
2025-12-28,Domingo,Noite,Delivery/App,68,3517.64,51.73,11.95,10,4.7
2025-12-29,Segunda,Manhã,Salão,28,903.28,32.26,5.39,6,4.7
2025-12-29,Segunda,Manhã,Drive-Thru,60,2145.6,35.76,2.41,6,4.9
2025-12-29,Segunda,Manhã,Delivery/App,14,548.38,39.17,10.42,6,4.7
2025-12-29,Segunda,Tarde,Salão,51,1889.55,37.05,5.11,9,5.0
2025-12-29,Segunda,Tarde,Drive-Thru,121,4352.37,35.97,4.18,9,4.7
2025-12-29,Segunda,Tarde,Delivery/App,36,1354.68,37.63,11.34,9,4.2
2025-12-29,Segunda,Noite,Salão,57,2202.48,38.64,5.57,12,4.6
2025-12-29,Segunda,Noite,Drive-Thru,115,4598.85,39.99,3.36,12,4.7
2025-12-29,Segunda,Noite,Delivery/App,28,1136.8,40.6,10.85,12,4.5
2025-12-30,Terça,Manhã,Salão,32,1016.32,31.76,5.83,6,4.8
2025-12-30,Terça,Manhã,Drive-Thru,51,1648.32,32.32,3.03,6,4.5
2025-12-30,Terça,Manhã,Delivery/App,13,626.21,48.17,9.28,6,4.6
2025-12-30,Terça,Tarde,Salão,55,2055.9,37.38,5.86,6,5.0
2025-12-30,Terça,Tarde,Drive-Thru,106,2977.54,28.09,3.66,6,4.1
2025-12-30,Terça,Tarde,Delivery/App,33,1666.83,50.51,11.19,6,4.6
2025-12-30,Terça,Noite,Salão,48,1640.64,34.18,5.52,11,4.7
2025-12-30,Terça,Noite,Drive-Thru,121,4861.78,40.18,3.3,11,4.9
2025-12-30,Terça,Noite,Delivery/App,46,2213.06,48.11,11.99,11,4.7
2025-12-31,Quarta,Manhã,Salão,35,1354.15,38.69,6.74,5,5.0
2025-12-31,Quarta,Manhã,Drive-Thru,60,1689.0,28.15,3.49,5,4.8
2025-12-31,Quarta,Manhã,Delivery/App,12,604.2,50.35,9.85,5,4.5
2025-12-31,Quarta,Tarde,Salão,59,2185.36,37.04,5.69,7,4.4
2025-12-31,Quarta,Tarde,Drive-Thru,104,3657.68,35.17,3.33,7,4.6
2025-12-31,Quarta,Tarde,Delivery/App,31,1250.23,40.33,11.89,7,4.6
2025-12-31,Quarta,Noite,Salão,51,1668.72,32.72,5.5,11,4.4
2025-12-31,Quarta,Noite,Drive-Thru,132,3653.76,27.68,3.47,11,4.6
2025-12-31,Quarta,Noite,Delivery/App,50,2001.5,40.03,11.7,11,4.6
